"../../../Engine/Plugins/2D/Paper2D/Content/PlaceholderTextures/DummySpriteTexture.ubulk" 0
"../../../Engine/Plugins/2D/Paper2D/Content/PlaceholderTextures/DummySpriteTexture.uasset" 1
"../../../Engine/Plugins/2D/Paper2D/Content/PlaceholderTextures/DummySpriteTexture.uexp" 2
"../../../Engine/Plugins/2D/Paper2D/Content/DummySprite.uasset" 3
"../../../Engine/Plugins/2D/Paper2D/Content/DummySprite.uexp" 4
"../../../Engine/Plugins/2D/Paper2D/Content/DefaultPaperTerrainMaterial.uasset" 5
"../../../Engine/Plugins/2D/Paper2D/Content/DefaultPaperTerrainMaterial.uexp" 6
"../../../Engine/Content/Animation/DefaultRecorderBoneCompression.uasset" 7
"../../../Engine/Content/Animation/DefaultRecorderBoneCompression.uexp" 8
"../../../Engine/Plugins/Interchange/Runtime/Content/Pipelines/DefaultTexturePipeline.uasset" 9
"../../../Engine/Plugins/Interchange/Runtime/Content/Pipelines/DefaultTexturePipeline.uexp" 10
"../../../Engine/Plugins/Interchange/Runtime/Content/Pipelines/DefaultSceneLevelPipeline.uasset" 11
"../../../Engine/Plugins/Interchange/Runtime/Content/Pipelines/DefaultSceneLevelPipeline.uexp" 12
"../../../Engine/Plugins/Interchange/Runtime/Content/Pipelines/DefaultSceneAssetsPipeline.uasset" 13
"../../../Engine/Plugins/Interchange/Runtime/Content/Pipelines/DefaultSceneAssetsPipeline.uexp" 14
"../../../Engine/Plugins/Interchange/Runtime/Content/Pipelines/DefaultMaterialXPipeline.uasset" 15
"../../../Engine/Plugins/Interchange/Runtime/Content/Pipelines/DefaultMaterialXPipeline.uexp" 16
"../../../Engine/Plugins/Interchange/Runtime/Content/Pipelines/DefaultMaterialPipeline.uasset" 17
"../../../Engine/Plugins/Interchange/Runtime/Content/Pipelines/DefaultMaterialPipeline.uexp" 18
"../../../Engine/Plugins/Interchange/Runtime/Content/Pipelines/DefaultGLTFSceneAssetsPipeline.uasset" 19
"../../../Engine/Plugins/Interchange/Runtime/Content/Pipelines/DefaultGLTFSceneAssetsPipeline.uexp" 20
"../../../Engine/Plugins/Interchange/Runtime/Content/Pipelines/DefaultGLTFPipeline.uasset" 21
"../../../Engine/Plugins/Interchange/Runtime/Content/Pipelines/DefaultGLTFPipeline.uexp" 22
"../../../Engine/Plugins/Interchange/Runtime/Content/Pipelines/DefaultGLTFAssetsPipeline.uasset" 23
"../../../Engine/Plugins/Interchange/Runtime/Content/Pipelines/DefaultGLTFAssetsPipeline.uexp" 24
"../../../Engine/Plugins/Interchange/Runtime/Content/Pipelines/DefaultAssetsPipeline.uasset" 25
"../../../Engine/Plugins/Interchange/Runtime/Content/Pipelines/DefaultAssetsPipeline.uexp" 26
"../../../Engine/Plugins/Animation/ControlRig/Content/Controls/DefaultGizmoLibraryNormalized.uasset" 27
"../../../Engine/Plugins/Animation/ControlRig/Content/Controls/DefaultGizmoLibraryNormalized.uexp" 28
"../../../Engine/Content/EngineSounds/Master.uasset" 29
"../../../Engine/Content/EngineSounds/Master.uexp" 30
"../../../Engine/Content/EngineMaterials/DefaultPhysicalMaterial.uasset" 31
"../../../Engine/Content/EngineMaterials/DefaultPhysicalMaterial.uexp" 32
"../../../Engine/Content/EngineMaterials/DefaultDestructiblePhysicalMaterial.uasset" 33
"../../../Engine/Content/EngineMaterials/DefaultDestructiblePhysicalMaterial.uexp" 34
"../../../Engine/Content/EngineFonts/Faces/DroidSansFallback.uexp" 35
"../../../Engine/Content/EngineFonts/Faces/DroidSansFallback.uasset" 36
"../../../Engine/Content/EngineFonts/Faces/DroidSansFallback.ufont" 37
"../../../Engine/Content/EngineFonts/Faces/RobotoRegular.uexp" 38
"../../../Engine/Content/EngineFonts/Faces/RobotoRegular.uasset" 39
"../../../Engine/Content/EngineFonts/Faces/RobotoRegular.ufont" 40
"../../../Engine/Content/EngineFonts/Faces/RobotoLight.uexp" 41
"../../../Engine/Content/EngineFonts/Faces/RobotoLight.uasset" 42
"../../../Engine/Content/EngineFonts/Faces/RobotoLight.ufont" 43
"../../../Engine/Content/EngineFonts/Faces/RobotoItalic.uexp" 44
"../../../Engine/Content/EngineFonts/Faces/RobotoItalic.uasset" 45
"../../../Engine/Content/EngineFonts/Faces/RobotoItalic.ufont" 46
"../../../Engine/Content/EngineFonts/Faces/RobotoBoldItalic.uexp" 47
"../../../Engine/Content/EngineFonts/Faces/RobotoBoldItalic.uasset" 48
"../../../Engine/Content/EngineFonts/Faces/RobotoBoldItalic.ufont" 49
"../../../Engine/Content/EngineFonts/Faces/RobotoBold.uexp" 50
"../../../Engine/Content/EngineFonts/Faces/RobotoBold.uasset" 51
"../../../Engine/Content/EngineFonts/Faces/RobotoBold.ufont" 52
"../../../Engine/Content/EngineFonts/Roboto.uasset" 53
"../../../Engine/Content/EngineFonts/Roboto.uexp" 54
"../../../Engine/Content/EngineFonts/Faces/DroidSansMono.uexp" 55
"../../../Engine/Content/EngineFonts/Faces/DroidSansMono.uasset" 56
"../../../Engine/Content/EngineFonts/Faces/DroidSansMono.ufont" 57
"../../../Engine/Content/EngineFonts/DroidSansMono.uasset" 58
"../../../Engine/Content/EngineFonts/DroidSansMono.uexp" 59
"C:/Users/moehnj/Downloads/InteractionForGameDesignFinal/ResearchProject/Content/effects/crystal/Textures/T_Ice_BaseColor.ubulk" 60
"C:/Users/moehnj/Downloads/InteractionForGameDesignFinal/ResearchProject/Content/effects/crystal/Textures/T_Ice_BaseColor.uasset" 61
"C:/Users/moehnj/Downloads/InteractionForGameDesignFinal/ResearchProject/Content/effects/crystal/Textures/T_Ice_BaseColor.uexp" 62
"C:/Users/moehnj/Downloads/InteractionForGameDesignFinal/ResearchProject/Content/effects/crystal/Textures/T_Ice_Normal.ubulk" 63
"C:/Users/moehnj/Downloads/InteractionForGameDesignFinal/ResearchProject/Content/effects/crystal/Textures/T_Ice_Normal.uasset" 64
"C:/Users/moehnj/Downloads/InteractionForGameDesignFinal/ResearchProject/Content/effects/crystal/Textures/T_Ice_Normal.uexp" 65
"C:/Users/moehnj/Downloads/InteractionForGameDesignFinal/ResearchProject/Content/effects/crystal/Textures/T_Ice_OcclusionRoughnessMetallic.ubulk" 66
"C:/Users/moehnj/Downloads/InteractionForGameDesignFinal/ResearchProject/Content/effects/crystal/Textures/T_Ice_OcclusionRoughnessMetallic.uasset" 67
"C:/Users/moehnj/Downloads/InteractionForGameDesignFinal/ResearchProject/Content/effects/crystal/Textures/T_Ice_OcclusionRoughnessMetallic.uexp" 68
"../../../Engine/Content/Functions/Engine_MaterialFunctions02/Utility/CustomReflectionVector.uasset" 69
"../../../Engine/Content/Functions/Engine_MaterialFunctions02/Utility/CustomReflectionVector.uexp" 70
"C:/Users/moehnj/Downloads/InteractionForGameDesignFinal/ResearchProject/Content/effects/crystal/Crystal_MAT.uasset" 71
"C:/Users/moehnj/Downloads/InteractionForGameDesignFinal/ResearchProject/Content/effects/crystal/Crystal_MAT.uexp" 72
"C:/Users/moehnj/Downloads/InteractionForGameDesignFinal/ResearchProject/Content/effects/crystal/Crystal_MAT_1.uasset" 73
"C:/Users/moehnj/Downloads/InteractionForGameDesignFinal/ResearchProject/Content/effects/crystal/Crystal_MAT_1.uexp" 74
"C:/Users/moehnj/Downloads/InteractionForGameDesignFinal/ResearchProject/Content/effects/crystal/Crystal_MAT_2.uasset" 75
"C:/Users/moehnj/Downloads/InteractionForGameDesignFinal/ResearchProject/Content/effects/crystal/Crystal_MAT_2.uexp" 76
"C:/Users/moehnj/Downloads/InteractionForGameDesignFinal/ResearchProject/Content/effects/crystal/Crystal_MAT_3.uasset" 77
"C:/Users/moehnj/Downloads/InteractionForGameDesignFinal/ResearchProject/Content/effects/crystal/Crystal_MAT_3.uexp" 78
"C:/Users/moehnj/Downloads/InteractionForGameDesignFinal/ResearchProject/Content/DungeonAssets/3d_Models/crystal8.ubulk" 79
"C:/Users/moehnj/Downloads/InteractionForGameDesignFinal/ResearchProject/Content/DungeonAssets/3d_Models/crystal8.uasset" 80
"C:/Users/moehnj/Downloads/InteractionForGameDesignFinal/ResearchProject/Content/DungeonAssets/3d_Models/crystal8.uexp" 81
"C:/Users/moehnj/Downloads/InteractionForGameDesignFinal/ResearchProject/Content/DungeonAssets/3d_Models/crystal8_FoliageType.uasset" 82
"C:/Users/moehnj/Downloads/InteractionForGameDesignFinal/ResearchProject/Content/DungeonAssets/3d_Models/crystal8_FoliageType.uexp" 83
"C:/Users/moehnj/Downloads/InteractionForGameDesignFinal/ResearchProject/Content/DungeonAssets/3d_Models/crystal7.ubulk" 84
"C:/Users/moehnj/Downloads/InteractionForGameDesignFinal/ResearchProject/Content/DungeonAssets/3d_Models/crystal7.uasset" 85
"C:/Users/moehnj/Downloads/InteractionForGameDesignFinal/ResearchProject/Content/DungeonAssets/3d_Models/crystal7.uexp" 86
"C:/Users/moehnj/Downloads/InteractionForGameDesignFinal/ResearchProject/Content/DungeonAssets/3d_Models/crystal7_FoliageType.uasset" 87
"C:/Users/moehnj/Downloads/InteractionForGameDesignFinal/ResearchProject/Content/DungeonAssets/3d_Models/crystal7_FoliageType.uexp" 88
"C:/Users/moehnj/Downloads/InteractionForGameDesignFinal/ResearchProject/Content/DungeonAssets/3d_Models/crystal6.ubulk" 89
"C:/Users/moehnj/Downloads/InteractionForGameDesignFinal/ResearchProject/Content/DungeonAssets/3d_Models/crystal6.uasset" 90
"C:/Users/moehnj/Downloads/InteractionForGameDesignFinal/ResearchProject/Content/DungeonAssets/3d_Models/crystal6.uexp" 91
"C:/Users/moehnj/Downloads/InteractionForGameDesignFinal/ResearchProject/Content/DungeonAssets/3d_Models/crystal6_FoliageType.uasset" 92
"C:/Users/moehnj/Downloads/InteractionForGameDesignFinal/ResearchProject/Content/DungeonAssets/3d_Models/crystal6_FoliageType.uexp" 93
"C:/Users/moehnj/Downloads/InteractionForGameDesignFinal/ResearchProject/Content/effects/crystal/Crystal_MAT_4.uasset" 94
"C:/Users/moehnj/Downloads/InteractionForGameDesignFinal/ResearchProject/Content/effects/crystal/Crystal_MAT_4.uexp" 95
"C:/Users/moehnj/Downloads/InteractionForGameDesignFinal/ResearchProject/Content/DungeonAssets/3d_Models/crystal5.ubulk" 96
"C:/Users/moehnj/Downloads/InteractionForGameDesignFinal/ResearchProject/Content/DungeonAssets/3d_Models/crystal5.uasset" 97
"C:/Users/moehnj/Downloads/InteractionForGameDesignFinal/ResearchProject/Content/DungeonAssets/3d_Models/crystal5.uexp" 98
"C:/Users/moehnj/Downloads/InteractionForGameDesignFinal/ResearchProject/Content/DungeonAssets/3d_Models/crystal5_FoliageType.uasset" 99
"C:/Users/moehnj/Downloads/InteractionForGameDesignFinal/ResearchProject/Content/DungeonAssets/3d_Models/crystal5_FoliageType.uexp" 100
"C:/Users/moehnj/Downloads/InteractionForGameDesignFinal/ResearchProject/Content/DungeonAssets/3d_Models/crystal4.ubulk" 101
"C:/Users/moehnj/Downloads/InteractionForGameDesignFinal/ResearchProject/Content/DungeonAssets/3d_Models/crystal4.uasset" 102
"C:/Users/moehnj/Downloads/InteractionForGameDesignFinal/ResearchProject/Content/DungeonAssets/3d_Models/crystal4.uexp" 103
"C:/Users/moehnj/Downloads/InteractionForGameDesignFinal/ResearchProject/Content/DungeonAssets/3d_Models/crystal4_FoliageType.uasset" 104
"C:/Users/moehnj/Downloads/InteractionForGameDesignFinal/ResearchProject/Content/DungeonAssets/3d_Models/crystal4_FoliageType.uexp" 105
"C:/Users/moehnj/Downloads/InteractionForGameDesignFinal/ResearchProject/Content/DungeonAssets/3d_Models/crystal3.ubulk" 106
"C:/Users/moehnj/Downloads/InteractionForGameDesignFinal/ResearchProject/Content/DungeonAssets/3d_Models/crystal3.uasset" 107
"C:/Users/moehnj/Downloads/InteractionForGameDesignFinal/ResearchProject/Content/DungeonAssets/3d_Models/crystal3.uexp" 108
"C:/Users/moehnj/Downloads/InteractionForGameDesignFinal/ResearchProject/Content/DungeonAssets/3d_Models/crystal3_FoliageType.uasset" 109
"C:/Users/moehnj/Downloads/InteractionForGameDesignFinal/ResearchProject/Content/DungeonAssets/3d_Models/crystal3_FoliageType.uexp" 110
"C:/Users/moehnj/Downloads/InteractionForGameDesignFinal/ResearchProject/Content/DungeonAssets/3d_Models/crystal2.ubulk" 111
"C:/Users/moehnj/Downloads/InteractionForGameDesignFinal/ResearchProject/Content/DungeonAssets/3d_Models/crystal2.uasset" 112
"C:/Users/moehnj/Downloads/InteractionForGameDesignFinal/ResearchProject/Content/DungeonAssets/3d_Models/crystal2.uexp" 113
"C:/Users/moehnj/Downloads/InteractionForGameDesignFinal/ResearchProject/Content/DungeonAssets/3d_Models/crystal2_FoliageType.uasset" 114
"C:/Users/moehnj/Downloads/InteractionForGameDesignFinal/ResearchProject/Content/DungeonAssets/3d_Models/crystal2_FoliageType.uexp" 115
"C:/Users/moehnj/Downloads/InteractionForGameDesignFinal/ResearchProject/Content/DungeonAssets/3d_Models/crystal1.ubulk" 116
"C:/Users/moehnj/Downloads/InteractionForGameDesignFinal/ResearchProject/Content/DungeonAssets/3d_Models/crystal1.uasset" 117
"C:/Users/moehnj/Downloads/InteractionForGameDesignFinal/ResearchProject/Content/DungeonAssets/3d_Models/crystal1.uexp" 118
"C:/Users/moehnj/Downloads/InteractionForGameDesignFinal/ResearchProject/Content/DungeonAssets/3d_Models/crystal1_FoliageType.uasset" 119
"C:/Users/moehnj/Downloads/InteractionForGameDesignFinal/ResearchProject/Content/DungeonAssets/3d_Models/crystal1_FoliageType.uexp" 120
"../../../Engine/Content/EngineResources/GradientTexture0.uasset" 121
"../../../Engine/Content/EngineResources/GradientTexture0.uexp" 122
"../../../Engine/Content/EngineResources/Black.uasset" 123
"../../../Engine/Content/EngineResources/Black.uexp" 124
"../../../Engine/Content/EditorResources/S_Actor.ubulk" 125
"../../../Engine/Content/EditorResources/S_Actor.uasset" 126
"../../../Engine/Content/EditorResources/S_Actor.uexp" 127
"../../../Engine/Plugins/NNE/NNEDenoiser/Content/NNEDTOM_Output_Default.uasset" 128
"../../../Engine/Plugins/NNE/NNEDenoiser/Content/NNEDTOM_Output_Default.uexp" 129
"../../../Engine/Plugins/NNE/NNEDenoiser/Content/NNEDTOM_Output_Alpha.uasset" 130
"../../../Engine/Plugins/NNE/NNEDenoiser/Content/NNEDTOM_Output_Alpha.uexp" 131
"../../../Engine/Plugins/NNE/NNEDenoiser/Content/NNEDTIM_ColorAlbedoNormal_Default.uasset" 132
"../../../Engine/Plugins/NNE/NNEDenoiser/Content/NNEDTIM_ColorAlbedoNormal_Default.uexp" 133
"../../../Engine/Plugins/NNE/NNEDenoiser/Content/NNEDTIM_ColorAlbedoNormal_Alpha.uasset" 134
"../../../Engine/Plugins/NNE/NNEDenoiser/Content/NNEDTIM_ColorAlbedoNormal_Alpha.uexp" 135
"../../../Engine/Plugins/NNE/NNEDenoiser/Content/NNEDOM_Output_Default.uasset" 136
"../../../Engine/Plugins/NNE/NNEDenoiser/Content/NNEDOM_Output_Default.uexp" 137
"../../../Engine/Plugins/NNE/NNEDenoiser/Content/NNEDOM_Output_Alpha.uasset" 138
"../../../Engine/Plugins/NNE/NNEDenoiser/Content/NNEDOM_Output_Alpha.uexp" 139
"../../../Engine/Plugins/NNE/NNEDenoiser/Content/NNEDIM_HighQuality_Default.uasset" 140
"../../../Engine/Plugins/NNE/NNEDenoiser/Content/NNEDIM_HighQuality_Default.uexp" 141
"../../../Engine/Plugins/NNE/NNEDenoiser/Content/NNEDIM_HighQuality_Alpha.uasset" 142
"../../../Engine/Plugins/NNE/NNEDenoiser/Content/NNEDIM_HighQuality_Alpha.uexp" 143
"../../../Engine/Plugins/NNE/NNEDenoiser/Content/NNEDIM_ColorAlbedoNormal_Default.uasset" 144
"../../../Engine/Plugins/NNE/NNEDenoiser/Content/NNEDIM_ColorAlbedoNormal_Default.uexp" 145
"../../../Engine/Plugins/NNE/NNEDenoiser/Content/NNEDIM_ColorAlbedoNormal_Alpha.uasset" 146
"../../../Engine/Plugins/NNE/NNEDenoiser/Content/NNEDIM_ColorAlbedoNormal_Alpha.uexp" 147
"../../../Engine/Content/Functions/Engine_MaterialFunctions02/WorldPositionOffset/CameraOffset.uasset" 148
"../../../Engine/Content/Functions/Engine_MaterialFunctions02/WorldPositionOffset/CameraOffset.uexp" 149
"../../../Engine/Plugins/Animation/ControlRig/Content/M_Manip.uasset" 150
"../../../Engine/Plugins/Animation/ControlRig/Content/M_Manip.uexp" 151
"../../../Engine/Content/Functions/Engine_MaterialFunctions02/Utility/CameraDirectionVector.uasset" 152
"../../../Engine/Content/Functions/Engine_MaterialFunctions02/Utility/CameraDirectionVector.uexp" 153
"../../../Engine/Content/EngineDebugMaterials/VolumeToRender.uasset" 154
"../../../Engine/Content/EngineDebugMaterials/VolumeToRender.uexp" 155
"../../../Engine/Content/EngineDebugMaterials/M_VolumeRenderSphereTracePP.uasset" 156
"../../../Engine/Content/EngineDebugMaterials/M_VolumeRenderSphereTracePP.uexp" 157
"../../../Engine/Content/EngineDebugMaterials/M_SimpleUnlitTranslucent.uasset" 158
"../../../Engine/Content/EngineDebugMaterials/M_SimpleUnlitTranslucent.uexp" 159
"../../../Engine/Content/EngineDebugMaterials/DebugMeshMaterial.uasset" 160
"../../../Engine/Content/EngineDebugMaterials/DebugMeshMaterial.uexp" 161
"../../../Engine/Content/EngineDebugMaterials/DebugEditorMaterial.uasset" 162
"../../../Engine/Content/EngineDebugMaterials/DebugEditorMaterial.uexp" 163
"../../../Engine/Content/EngineDebugMaterials/BlackUnlitMaterial.uasset" 164
"../../../Engine/Content/EngineDebugMaterials/BlackUnlitMaterial.uexp" 165
"../../../Engine/Content/EngineDamageTypes/DmgTypeBP_Environmental.uasset" 166
"../../../Engine/Content/EngineDamageTypes/DmgTypeBP_Environmental.uexp" 167
"../../../Engine/Content/EditorResources/S_TriggerSphere.uasset" 168
"../../../Engine/Content/EditorResources/S_TriggerSphere.uexp" 169
"../../../Engine/Content/EditorResources/S_TriggerCapsule.uasset" 170
"../../../Engine/Content/EditorResources/S_TriggerCapsule.uexp" 171
"../../../Engine/Content/EditorResources/S_TriggerBox.uasset" 172
"../../../Engine/Content/EditorResources/S_TriggerBox.uexp" 173
"../../../Engine/Content/EditorResources/S_Trigger.ubulk" 174
"../../../Engine/Content/EditorResources/S_Trigger.uasset" 175
"../../../Engine/Content/EditorResources/S_Trigger.uexp" 176
"../../../Engine/Content/EditorResources/S_Terrain.ubulk" 177
"../../../Engine/Content/EditorResources/S_Terrain.uasset" 178
"../../../Engine/Content/EditorResources/S_Terrain.uexp" 179
"../../../Engine/Content/EditorResources/S_Solver.ubulk" 180
"../../../Engine/Content/EditorResources/S_Solver.uasset" 181
"../../../Engine/Content/EditorResources/S_Solver.uexp" 182
"../../../Engine/Content/EditorResources/S_BoxReflectionCapture.uasset" 183
"../../../Engine/Content/EditorResources/S_BoxReflectionCapture.uexp" 184
"../../../Engine/Content/EditorResources/BSPVertex.uasset" 185
"../../../Engine/Content/EditorResources/BSPVertex.uexp" 186
"../../../Engine/Content/EditorMaterials/PreviewShadowIndicator.ubulk" 187
"../../../Engine/Content/EditorMaterials/PreviewShadowIndicator.uasset" 188
"../../../Engine/Content/EditorMaterials/PreviewShadowIndicator.uexp" 189
"../../../Engine/Content/EditorMaterials/PreviewShadowIndicatorMaterial.uasset" 190
"../../../Engine/Content/EditorMaterials/PreviewShadowIndicatorMaterial.uexp" 191
"../../../Engine/Content/EditorMaterials/PhAT_UnselectedMaterial.uasset" 192
"../../../Engine/Content/EditorMaterials/PhAT_UnselectedMaterial.uexp" 193
"../../../Engine/Content/EditorMaterials/PhAT_NoCollisionMaterial.uasset" 194
"../../../Engine/Content/EditorMaterials/PhAT_NoCollisionMaterial.uexp" 195
"../../../Engine/Content/EditorLandscapeResources/WhiteSquareTexture.uasset" 196
"../../../Engine/Content/EditorLandscapeResources/WhiteSquareTexture.uexp" 197
"../../../Engine/Content/EditorLandscapeResources/LayerVisMaterial.uasset" 198
"../../../Engine/Content/EditorLandscapeResources/LayerVisMaterial.uexp" 199
"../../../Engine/Content/Functions/Engine_MaterialFunctions02/Utility/BreakOutFloat2Components.uasset" 200
"../../../Engine/Content/Functions/Engine_MaterialFunctions02/Utility/BreakOutFloat2Components.uexp" 201
"../../../Engine/Content/Functions/Engine_MaterialFunctions01/Texturing/ScaleUVsByCenter.uasset" 202
"../../../Engine/Content/Functions/Engine_MaterialFunctions01/Texturing/ScaleUVsByCenter.uexp" 203
"../../../Engine/Content/Functions/Engine_MaterialFunctions02/WorldPositionOffset/LocalPosition.uasset" 204
"../../../Engine/Content/Functions/Engine_MaterialFunctions02/WorldPositionOffset/LocalPosition.uexp" 205
"../../../Engine/Content/Functions/Engine_MaterialFunctions02/ExampleContent/DebugNumberStrip.uasset" 206
"../../../Engine/Content/Functions/Engine_MaterialFunctions02/ExampleContent/DebugNumberStrip.uexp" 207
"../../../Engine/Content/EngineMaterials/DefaultDiffuse.ubulk" 208
"../../../Engine/Content/EngineMaterials/DefaultDiffuse.uasset" 209
"../../../Engine/Content/EngineMaterials/DefaultDiffuse.uexp" 210
"../../../Engine/Content/Functions/Engine_MaterialFunctions01/Texturing/TextureCropping.uasset" 211
"../../../Engine/Content/Functions/Engine_MaterialFunctions01/Texturing/TextureCropping.uexp" 212
"../../../Engine/Content/Functions/Engine_MaterialFunctions01/Debug/DebugIntValues.uasset" 213
"../../../Engine/Content/Functions/Engine_MaterialFunctions01/Debug/DebugIntValues.uexp" 214
"../../../Engine/Content/EditorLandscapeResources/LandscapeLayerUsageMaterial.uasset" 215
"../../../Engine/Content/EditorLandscapeResources/LandscapeLayerUsageMaterial.uexp" 216
"../../../Engine/Content/EditorLandscapeResources/DefaultAlphaTexture.uasset" 217
"../../../Engine/Content/EditorLandscapeResources/DefaultAlphaTexture.uexp" 218
"../../../Engine/Content/EditorLandscapeResources/LandscapeDirtyMaterial.uasset" 219
"../../../Engine/Content/EditorLandscapeResources/LandscapeDirtyMaterial.uexp" 220
"../../../Engine/Plugins/Runtime/AudioWidgets/Content/Resources/ScrubHandleDown_Clamped.uasset" 221
"../../../Engine/Plugins/Runtime/AudioWidgets/Content/Resources/ScrubHandleDown_Clamped.uexp" 222
"../../../Engine/Plugins/Interchange/Assets/Content/Functions/MX_UsdPreviewSurface.uasset" 223
"../../../Engine/Plugins/Interchange/Assets/Content/Functions/MX_UsdPreviewSurface.uexp" 224
"../../../Engine/Plugins/Interchange/Assets/Content/Functions/MX_UniformEDF.uasset" 225
"../../../Engine/Plugins/Interchange/Assets/Content/Functions/MX_UniformEDF.uexp" 226
"../../../Engine/Plugins/Interchange/Assets/Content/Functions/MX_TranslucentBSDF.uasset" 227
"../../../Engine/Plugins/Interchange/Assets/Content/Functions/MX_TranslucentBSDF.uexp" 228
"../../../Engine/Plugins/Interchange/Assets/Content/Functions/MX_ThinFilmBSDF.uasset" 229
"../../../Engine/Plugins/Interchange/Assets/Content/Functions/MX_ThinFilmBSDF.uexp" 230
"../../../Engine/Plugins/Interchange/Assets/Content/Functions/MX_SurfaceUnlit.uasset" 231
"../../../Engine/Plugins/Interchange/Assets/Content/Functions/MX_SurfaceUnlit.uexp" 232
"../../../Engine/Plugins/Interchange/Assets/Content/Functions/MX_Surface.uasset" 233
"../../../Engine/Plugins/Interchange/Assets/Content/Functions/MX_Surface.uexp" 234
"../../../Engine/Plugins/Interchange/Assets/Content/Functions/MX_SubsurfaceBSDF.uasset" 235
"../../../Engine/Plugins/Interchange/Assets/Content/Functions/MX_SubsurfaceBSDF.uexp" 236
"../../../Engine/Plugins/Interchange/Assets/Content/Functions/MX_SheenBSDF.uasset" 237
"../../../Engine/Plugins/Interchange/Assets/Content/Functions/MX_SheenBSDF.uexp" 238
"../../../Engine/Plugins/Interchange/Assets/Content/Functions/MX_OrenNayarBSDF.uasset" 239
"../../../Engine/Plugins/Interchange/Assets/Content/Functions/MX_OrenNayarBSDF.uexp" 240
"../../../Engine/Plugins/Interchange/Assets/Content/Functions/MF_IridescenceNoLUT.uasset" 241
"../../../Engine/Plugins/Interchange/Assets/Content/Functions/MF_IridescenceNoLUT.uexp" 242
"../../../Engine/Plugins/Interchange/Assets/Content/Functions/MX_StandardSurface.uasset" 243
"../../../Engine/Plugins/Interchange/Assets/Content/Functions/MX_StandardSurface.uexp" 244
"../../../Engine/Plugins/Interchange/Assets/Content/Functions/MX_TransmissionSurface.uasset" 245
"../../../Engine/Plugins/Interchange/Assets/Content/Functions/MX_TransmissionSurface.uexp" 246
"../../../Engine/Plugins/Interchange/Assets/Content/Functions/MX_OpenPBR_Translucent.uasset" 247
"../../../Engine/Plugins/Interchange/Assets/Content/Functions/MX_OpenPBR_Translucent.uexp" 248
"../../../Engine/Plugins/Interchange/Assets/Content/Functions/MX_OpenPBR_Opaque.uasset" 249
"../../../Engine/Plugins/Interchange/Assets/Content/Functions/MX_OpenPBR_Opaque.uexp" 250
"../../../Engine/Plugins/Interchange/Assets/Content/Functions/MX_MeasuredEDF.uasset" 251
"../../../Engine/Plugins/Interchange/Assets/Content/Functions/MX_MeasuredEDF.uexp" 252
"../../../Engine/Plugins/Interchange/Assets/Content/Functions/MX_GeneralizedSchlickBSDF.uasset" 253
"../../../Engine/Plugins/Interchange/Assets/Content/Functions/MX_GeneralizedSchlickBSDF.uexp" 254
"../../../Engine/Plugins/Interchange/Assets/Content/Functions/MX_Displacement.uasset" 255
"../../../Engine/Plugins/Interchange/Assets/Content/Functions/MX_Displacement.uexp" 256
"../../../Engine/Plugins/Interchange/Assets/Content/Functions/MX_DielectricBSDF.uasset" 257
"../../../Engine/Plugins/Interchange/Assets/Content/Functions/MX_DielectricBSDF.uexp" 258
"../../../Engine/Plugins/Interchange/Assets/Content/Functions/MX_ConicalEDF.uasset" 259
"../../../Engine/Plugins/Interchange/Assets/Content/Functions/MX_ConicalEDF.uexp" 260
"../../../Engine/Plugins/Interchange/Assets/Content/Functions/MX_ConductorBSDF.uasset" 261
"../../../Engine/Plugins/Interchange/Assets/Content/Functions/MX_ConductorBSDF.uexp" 262
"../../../Engine/Plugins/Interchange/Assets/Content/Functions/MX_BurleyDiffuseBSDF.uasset" 263
"../../../Engine/Plugins/Interchange/Assets/Content/Functions/MX_BurleyDiffuseBSDF.uexp" 264
"../../../Engine/Plugins/Interchange/Assets/Content/Functions/MX_AnisotropicVDF.uasset" 265
"../../../Engine/Plugins/Interchange/Assets/Content/Functions/MX_AnisotropicVDF.uexp" 266
"../../../Engine/Plugins/Interchange/Assets/Content/Functions/MX_AbsorptionVDF.uasset" 267
"../../../Engine/Plugins/Interchange/Assets/Content/Functions/MX_AbsorptionVDF.uexp" 268
"../../../Engine/Content/Functions/Engine_MaterialFunctions02/Utility/VectorLength.uasset" 269
"../../../Engine/Content/Functions/Engine_MaterialFunctions02/Utility/VectorLength.uexp" 270
"../../../Engine/Content/Functions/Engine_MaterialFunctions02/WorldPositionOffset/ObjectScale.uasset" 271
"../../../Engine/Content/Functions/Engine_MaterialFunctions02/WorldPositionOffset/ObjectScale.uexp" 272
"../../../Engine/Content/Functions/Engine_MaterialFunctions02/Utility/BreakOutFloat3Components.uasset" 273
"../../../Engine/Content/Functions/Engine_MaterialFunctions02/Utility/BreakOutFloat3Components.uexp" 274
"../../../Engine/Content/Functions/Engine_MaterialFunctions02/SafeNormalize.uasset" 275
"../../../Engine/Content/Functions/Engine_MaterialFunctions02/SafeNormalize.uexp" 276
"../../../Engine/Plugins/Editor/SpeedTreeImporter/Content/SpeedTree9/UnpackInteger3.uasset" 277
"../../../Engine/Plugins/Editor/SpeedTreeImporter/Content/SpeedTree9/UnpackInteger3.uexp" 278
"../../../Engine/Plugins/Editor/SpeedTreeImporter/Content/SpeedTree9/UnpackDirection.uasset" 279
"../../../Engine/Plugins/Editor/SpeedTreeImporter/Content/SpeedTree9/UnpackDirection.uexp" 280
"../../../Engine/Plugins/Editor/SpeedTreeImporter/Content/SpeedTree9/game_wind_noise.ubulk" 281
"../../../Engine/Plugins/Editor/SpeedTreeImporter/Content/SpeedTree9/game_wind_noise.uasset" 282
"../../../Engine/Plugins/Editor/SpeedTreeImporter/Content/SpeedTree9/game_wind_noise.uexp" 283
"../../../Engine/Plugins/Editor/SpeedTreeImporter/Content/SpeedTree9/SpeedTreeWindMotion.uasset" 284
"../../../Engine/Plugins/Editor/SpeedTreeImporter/Content/SpeedTree9/SpeedTreeWindMotion.uexp" 285
"../../../Engine/Content/Functions/Engine_MaterialFunctions02/ObjectLocalBounds.uasset" 286
"../../../Engine/Content/Functions/Engine_MaterialFunctions02/ObjectLocalBounds.uexp" 287
"../../../Engine/Content/Functions/Engine_MaterialFunctions02/UVs/BoundingBoxBased_0-1_UVW.uasset" 288
"../../../Engine/Content/Functions/Engine_MaterialFunctions02/UVs/BoundingBoxBased_0-1_UVW.uexp" 289
"../../../Engine/Plugins/Editor/SpeedTreeImporter/Content/SpeedTree9/SpeedTreeBranchMotion.uasset" 290
"../../../Engine/Plugins/Editor/SpeedTreeImporter/Content/SpeedTree9/SpeedTreeBranchMotion.uexp" 291
"../../../Engine/Plugins/Editor/SpeedTreeImporter/Content/SpeedTree9/SpeedTreeWind.uasset" 292
"../../../Engine/Plugins/Editor/SpeedTreeImporter/Content/SpeedTree9/SpeedTreeWind.uexp" 293
"../../../Engine/Plugins/Editor/SpeedTreeImporter/Content/SpeedTree9/SpeedTreeCameraFacing.uasset" 294
"../../../Engine/Plugins/Editor/SpeedTreeImporter/Content/SpeedTree9/SpeedTreeCameraFacing.uexp" 295
"../../../Engine/Plugins/Editor/SpeedTreeImporter/Content/SpeedTree9/Empty.uasset" 296
"../../../Engine/Plugins/Editor/SpeedTreeImporter/Content/SpeedTree9/Empty.uexp" 297
"../../../Engine/Plugins/Editor/SpeedTreeImporter/Content/SpeedTree9/EmptyNormal.uasset" 298
"../../../Engine/Plugins/Editor/SpeedTreeImporter/Content/SpeedTree9/EmptyNormal.uexp" 299
"../../../Engine/Plugins/Editor/SpeedTreeImporter/Content/SpeedTree9/SpeedTreeMaster.uasset" 300
"../../../Engine/Plugins/Editor/SpeedTreeImporter/Content/SpeedTree9/SpeedTreeMaster.uexp" 301
"../../../Engine/Plugins/Editor/SpeedTreeImporter/Content/SpeedTree9/SpeedTreeBillboard.uasset" 302
"../../../Engine/Plugins/Editor/SpeedTreeImporter/Content/SpeedTree9/SpeedTreeBillboard.uexp" 303
"../../../Engine/Plugins/Editor/SpeedTreeImporter/Content/SpeedTree9/SpeedTreeBillboardMaster.uasset" 304
"../../../Engine/Plugins/Editor/SpeedTreeImporter/Content/SpeedTree9/SpeedTreeBillboardMaster.uexp" 305
"../../../Engine/Plugins/Animation/ControlRig/Content/Controls/ControlRigXRayMaterial.uasset" 306
"../../../Engine/Plugins/Animation/ControlRig/Content/Controls/ControlRigXRayMaterial.uexp" 307
"../../../Engine/Plugins/Animation/ControlRig/Content/Controls/ControlRigGizmoMaterial.uasset" 308
"../../../Engine/Plugins/Animation/ControlRig/Content/Controls/ControlRigGizmoMaterial.uexp" 309
"../../../Engine/Content/EngineResources/DefaultTexture.ubulk" 310
"../../../Engine/Content/EngineResources/DefaultTexture.uasset" 311
"../../../Engine/Content/EngineResources/DefaultTexture.uexp" 312
"../../../Engine/Content/EngineMaterials/RemoveSurfaceMaterial.uasset" 313
"../../../Engine/Content/EngineMaterials/RemoveSurfaceMaterial.uexp" 314
"../../../Engine/Content/EngineMaterials/PreintegratedSkinBRDF.uasset" 315
"../../../Engine/Content/EngineMaterials/PreintegratedSkinBRDF.uexp" 316
"../../../Engine/Content/EngineMaterials/DefaultCalibrationGrayscale.uasset" 317
"../../../Engine/Content/EngineMaterials/DefaultCalibrationGrayscale.uexp" 318
"../../../Engine/Content/EngineMaterials/PPM_DefaultCalibrationGrayscale.uasset" 319
"../../../Engine/Content/EngineMaterials/PPM_DefaultCalibrationGrayscale.uexp" 320
"../../../Engine/Content/EngineMaterials/DefaultCalibrationColor.uasset" 321
"../../../Engine/Content/EngineMaterials/DefaultCalibrationColor.uexp" 322
"../../../Engine/Content/EngineMaterials/PPM_DefaultCalibrationColor.uasset" 323
"../../../Engine/Content/EngineMaterials/PPM_DefaultCalibrationColor.uexp" 324
"../../../Engine/Content/EngineMaterials/PhAT_JointLimitMaterial.uasset" 325
"../../../Engine/Content/EngineMaterials/PhAT_JointLimitMaterial.uexp" 326
"../../../Engine/Content/EngineMaterials/NaniteHiddenSectionMaterial.uasset" 327
"../../../Engine/Content/EngineMaterials/NaniteHiddenSectionMaterial.uexp" 328
"../../../Engine/Content/EngineMaterials/InvalidLightmapSettings.ubulk" 329
"../../../Engine/Content/EngineMaterials/InvalidLightmapSettings.uasset" 330
"../../../Engine/Content/EngineMaterials/InvalidLightmapSettings.uexp" 331
"../../../Engine/Content/EngineMaterials/M_InvalidLightmapSettings.uasset" 332
"../../../Engine/Content/EngineMaterials/M_InvalidLightmapSettings.uexp" 333
"../../../Engine/Content/EngineMaterials/MiniFont.uasset" 334
"../../../Engine/Content/EngineMaterials/MiniFont.uexp" 335
"../../../Engine/Content/EngineMaterials/GizmoMaterial.uasset" 336
"../../../Engine/Content/EngineMaterials/GizmoMaterial.uexp" 337
"../../../Engine/Content/EngineMaterials/BaseFlattenNormalMap_VT.ubulk" 338
"../../../Engine/Content/EngineMaterials/BaseFlattenNormalMap_VT.uasset" 339
"../../../Engine/Content/EngineMaterials/BaseFlattenNormalMap_VT.uexp" 340
"../../../Engine/Content/EngineMaterials/BaseFlattenDiffuseMap_VT.ubulk" 341
"../../../Engine/Content/EngineMaterials/BaseFlattenDiffuseMap_VT.uasset" 342
"../../../Engine/Content/EngineMaterials/BaseFlattenDiffuseMap_VT.uexp" 343
"../../../Engine/Content/EngineMaterials/BaseFlattenEmissiveMap_VT.ubulk" 344
"../../../Engine/Content/EngineMaterials/BaseFlattenEmissiveMap_VT.uasset" 345
"../../../Engine/Content/EngineMaterials/BaseFlattenEmissiveMap_VT.uexp" 346
"../../../Engine/Content/EngineMaterials/BaseFlattenLinearColor_VT.ubulk" 347
"../../../Engine/Content/EngineMaterials/BaseFlattenLinearColor_VT.uasset" 348
"../../../Engine/Content/EngineMaterials/BaseFlattenLinearColor_VT.uexp" 349
"../../../Engine/Content/EngineMaterials/BaseFlattenGrayscaleMap_VT.ubulk" 350
"../../../Engine/Content/EngineMaterials/BaseFlattenGrayscaleMap_VT.uasset" 351
"../../../Engine/Content/EngineMaterials/BaseFlattenGrayscaleMap_VT.uexp" 352
"../../../Engine/Content/EngineMaterials/Black_1x1_EXR_Texture_VT.ubulk" 353
"../../../Engine/Content/EngineMaterials/Black_1x1_EXR_Texture_VT.uasset" 354
"../../../Engine/Content/EngineMaterials/Black_1x1_EXR_Texture_VT.uexp" 355
"../../../Engine/Content/EngineMaterials/FlattenMaterial_WS_Normal_VT.uasset" 356
"../../../Engine/Content/EngineMaterials/FlattenMaterial_WS_Normal_VT.uexp" 357
"../../../Engine/Content/EngineMaterials/FlattenMaterial_VT.uasset" 358
"../../../Engine/Content/EngineMaterials/FlattenMaterial_VT.uexp" 359
"../../../Engine/Content/EngineMaterials/BaseFlattenNormalMap.uasset" 360
"../../../Engine/Content/EngineMaterials/BaseFlattenNormalMap.uexp" 361
"../../../Engine/Content/EngineMaterials/BaseFlattenDiffuseMap.uasset" 362
"../../../Engine/Content/EngineMaterials/BaseFlattenDiffuseMap.uexp" 363
"../../../Engine/Content/EngineMaterials/BaseFlattenEmissiveMap.uasset" 364
"../../../Engine/Content/EngineMaterials/BaseFlattenEmissiveMap.uexp" 365
"../../../Engine/Content/EngineMaterials/BaseFlattenGrayscaleMap.uasset" 366
"../../../Engine/Content/EngineMaterials/BaseFlattenGrayscaleMap.uexp" 367
"../../../Engine/Content/EngineMaterials/BaseFlattenLinearColor.uasset" 368
"../../../Engine/Content/EngineMaterials/BaseFlattenLinearColor.uexp" 369
"../../../Engine/Content/Functions/Engine_MaterialFunctions02/PivotPainter2/Black_1x1_EXR_Texture.uasset" 370
"../../../Engine/Content/Functions/Engine_MaterialFunctions02/PivotPainter2/Black_1x1_EXR_Texture.uexp" 371
"../../../Engine/Content/EngineMaterials/FlattenMaterial.uasset" 372
"../../../Engine/Content/EngineMaterials/FlattenMaterial.uexp" 373
"../../../Engine/Content/EngineMaterials/FastBlueNoise_vec2_128x128x64.uasset" 374
"../../../Engine/Content/EngineMaterials/FastBlueNoise_vec2_128x128x64.uexp" 375
"../../../Engine/Content/EngineMaterials/FastBlueNoise_scalar_128x128x8.uasset" 376
"../../../Engine/Content/EngineMaterials/FastBlueNoise_scalar_128x128x8.uexp" 377
"../../../Engine/Content/EngineMaterials/FastBlueNoise_scalar_128x128x64.uasset" 378
"../../../Engine/Content/EngineMaterials/FastBlueNoise_scalar_128x128x64.uexp" 379
"../../../Engine/Content/EngineMaterials/DefaultWhiteGrid_Low.uasset" 380
"../../../Engine/Content/EngineMaterials/DefaultWhiteGrid_Low.uexp" 381
"../../../Engine/Content/EngineMaterials/EmissiveMeshMaterial.uasset" 382
"../../../Engine/Content/EngineMaterials/EmissiveMeshMaterial.uexp" 383
"../../../Engine/Content/EngineMaterials/DefaultWhiteGrid.ubulk" 384
"../../../Engine/Content/EngineMaterials/DefaultWhiteGrid.uasset" 385
"../../../Engine/Content/EngineMaterials/DefaultWhiteGrid.uexp" 386
"../../../Engine/Content/EngineFonts/RobotoDistanceField.uasset" 387
"../../../Engine/Content/EngineFonts/RobotoDistanceField.uexp" 388
"../../../Engine/Content/EngineMaterials/DefaultTextMaterialOpaque.uasset" 389
"../../../Engine/Content/EngineMaterials/DefaultTextMaterialOpaque.uexp" 390
"../../../Engine/Content/EngineMaterials/DefaultPostProcessMaterial.uasset" 391
"../../../Engine/Content/EngineMaterials/DefaultPostProcessMaterial.uexp" 392
"../../../Engine/Content/EngineMaterials/DefaultLightFunctionMaterial.uasset" 393
"../../../Engine/Content/EngineMaterials/DefaultLightFunctionMaterial.uexp" 394
"../../../Engine/Content/EngineMaterials/DefaultDeferredDecalMaterial.uasset" 395
"../../../Engine/Content/EngineMaterials/DefaultDeferredDecalMaterial.uexp" 396
"../../../Engine/Content/EngineMaterials/DefaultBokeh.uasset" 397
"../../../Engine/Content/EngineMaterials/DefaultBokeh.uexp" 398
"../../../Engine/Content/EngineMaterials/DefaultBloomKernel.uasset" 399
"../../../Engine/Content/EngineMaterials/DefaultBloomKernel.uexp" 400
"../../../Engine/Content/Functions/Engine_MaterialFunctions01/Opacity/CameraDepthFade.uasset" 401
"../../../Engine/Content/Functions/Engine_MaterialFunctions01/Opacity/CameraDepthFade.uexp" 402
"../../../Engine/Content/EngineMaterials/T_Default_Material_Grid_M.ubulk" 403
"../../../Engine/Content/EngineMaterials/T_Default_Material_Grid_M.uasset" 404
"../../../Engine/Content/EngineMaterials/T_Default_Material_Grid_M.uexp" 405
"../../../Engine/Content/EngineMaterials/T_Default_Material_Grid_N.ubulk" 406
"../../../Engine/Content/EngineMaterials/T_Default_Material_Grid_N.uasset" 407
"../../../Engine/Content/EngineMaterials/T_Default_Material_Grid_N.uexp" 408
"../../../Engine/Content/EngineMaterials/DefaultMaterial.uasset" 409
"../../../Engine/Content/EngineMaterials/DefaultMaterial.uexp" 410
"../../../Engine/Content/BasicShapes/Sphere.ubulk" 411
"../../../Engine/Content/BasicShapes/Sphere.uasset" 412
"../../../Engine/Content/BasicShapes/Sphere.uexp" 413
"C:/Users/moehnj/Downloads/InteractionForGameDesignFinal/ResearchProject/Content/UI/MenuAssets/HealIcon.uasset" 414
"C:/Users/moehnj/Downloads/InteractionForGameDesignFinal/ResearchProject/Content/UI/MenuAssets/HealIcon.uexp" 415
"C:/Users/moehnj/Downloads/InteractionForGameDesignFinal/ResearchProject/Content/UI/Health_Icons/Ring.uasset" 416
"C:/Users/moehnj/Downloads/InteractionForGameDesignFinal/ResearchProject/Content/UI/Health_Icons/Ring.uexp" 417
"C:/Users/moehnj/Downloads/InteractionForGameDesignFinal/ResearchProject/Content/UI/WB_HealIcon.uasset" 418
"C:/Users/moehnj/Downloads/InteractionForGameDesignFinal/ResearchProject/Content/UI/WB_HealIcon.uexp" 419
"C:/Users/moehnj/Downloads/InteractionForGameDesignFinal/ResearchProject/Content/UI/Health_Icons/Heart.uasset" 420
"C:/Users/moehnj/Downloads/InteractionForGameDesignFinal/ResearchProject/Content/UI/Health_Icons/Heart.uexp" 421
"C:/Users/moehnj/Downloads/InteractionForGameDesignFinal/ResearchProject/Content/UI/Health_Icons/Heart2.uasset" 422
"C:/Users/moehnj/Downloads/InteractionForGameDesignFinal/ResearchProject/Content/UI/Health_Icons/Heart2.uexp" 423
"C:/Users/moehnj/Downloads/InteractionForGameDesignFinal/ResearchProject/Content/UI/Health_Icons/Shield.uasset" 424
"C:/Users/moehnj/Downloads/InteractionForGameDesignFinal/ResearchProject/Content/UI/Health_Icons/Shield.uexp" 425
"C:/Users/moehnj/Downloads/InteractionForGameDesignFinal/ResearchProject/Content/UI/Health_Icons/Shield2.uasset" 426
"C:/Users/moehnj/Downloads/InteractionForGameDesignFinal/ResearchProject/Content/UI/Health_Icons/Shield2.uexp" 427
"C:/Users/moehnj/Downloads/InteractionForGameDesignFinal/ResearchProject/Content/UI/Health_Icons/Shield3.uasset" 428
"C:/Users/moehnj/Downloads/InteractionForGameDesignFinal/ResearchProject/Content/UI/Health_Icons/Shield3.uexp" 429
"C:/Users/moehnj/Downloads/InteractionForGameDesignFinal/ResearchProject/Content/UI/Health_Icons/Shield4.uasset" 430
"C:/Users/moehnj/Downloads/InteractionForGameDesignFinal/ResearchProject/Content/UI/Health_Icons/Shield4.uexp" 431
"C:/Users/moehnj/Downloads/InteractionForGameDesignFinal/ResearchProject/Content/UI/PlayerHudWBP.uasset" 432
"C:/Users/moehnj/Downloads/InteractionForGameDesignFinal/ResearchProject/Content/UI/PlayerHudWBP.uexp" 433
"C:/Users/moehnj/Downloads/InteractionForGameDesignFinal/ResearchProject/Content/UI/MenuAssets/BGFilter.uasset" 434
"C:/Users/moehnj/Downloads/InteractionForGameDesignFinal/ResearchProject/Content/UI/MenuAssets/BGFilter.uexp" 435
"C:/Users/moehnj/Downloads/InteractionForGameDesignFinal/ResearchProject/Content/UI/MenuAssets/Wood_Board.uasset" 436
"C:/Users/moehnj/Downloads/InteractionForGameDesignFinal/ResearchProject/Content/UI/MenuAssets/Wood_Board.uexp" 437
"C:/Users/moehnj/Downloads/InteractionForGameDesignFinal/ResearchProject/Content/UI/MenuAssets/MenuDec1.uasset" 438
"C:/Users/moehnj/Downloads/InteractionForGameDesignFinal/ResearchProject/Content/UI/MenuAssets/MenuDec1.uexp" 439
"C:/Users/moehnj/Downloads/InteractionForGameDesignFinal/ResearchProject/Content/UI/MenuAssets/PauseMenuWBP.uasset" 440
"C:/Users/moehnj/Downloads/InteractionForGameDesignFinal/ResearchProject/Content/UI/MenuAssets/PauseMenuWBP.uexp" 441
"C:/Users/moehnj/Downloads/InteractionForGameDesignFinal/ResearchProject/Content/SoundEffects/Stone_Land.ubulk" 442
"C:/Users/moehnj/Downloads/InteractionForGameDesignFinal/ResearchProject/Content/SoundEffects/Stone_Land.uasset" 443
"C:/Users/moehnj/Downloads/InteractionForGameDesignFinal/ResearchProject/Content/SoundEffects/Stone_Land.uexp" 444
"C:/Users/moehnj/Downloads/InteractionForGameDesignFinal/ResearchProject/Content/SoundEffects/27_sword_miss_1.ubulk" 445
"C:/Users/moehnj/Downloads/InteractionForGameDesignFinal/ResearchProject/Content/SoundEffects/27_sword_miss_1.uasset" 446
"C:/Users/moehnj/Downloads/InteractionForGameDesignFinal/ResearchProject/Content/SoundEffects/27_sword_miss_1.uexp" 447
"C:/Users/moehnj/Downloads/InteractionForGameDesignFinal/ResearchProject/Content/SoundEffects/27_sword_miss_3.ubulk" 448
"C:/Users/moehnj/Downloads/InteractionForGameDesignFinal/ResearchProject/Content/SoundEffects/27_sword_miss_3.uasset" 449
"C:/Users/moehnj/Downloads/InteractionForGameDesignFinal/ResearchProject/Content/SoundEffects/27_sword_miss_3.uexp" 450
"C:/Users/moehnj/Downloads/InteractionForGameDesignFinal/ResearchProject/Content/SoundEffects/07_human_atk_sword_1.ubulk" 451
"C:/Users/moehnj/Downloads/InteractionForGameDesignFinal/ResearchProject/Content/SoundEffects/07_human_atk_sword_1.uasset" 452
"C:/Users/moehnj/Downloads/InteractionForGameDesignFinal/ResearchProject/Content/SoundEffects/07_human_atk_sword_1.uexp" 453
"C:/Users/moehnj/Downloads/InteractionForGameDesignFinal/ResearchProject/Content/SoundEffects/07_human_atk_sword_2.ubulk" 454
"C:/Users/moehnj/Downloads/InteractionForGameDesignFinal/ResearchProject/Content/SoundEffects/07_human_atk_sword_2.uasset" 455
"C:/Users/moehnj/Downloads/InteractionForGameDesignFinal/ResearchProject/Content/SoundEffects/07_human_atk_sword_2.uexp" 456
"C:/Users/moehnj/Downloads/InteractionForGameDesignFinal/ResearchProject/Content/SoundEffects/AttackSound.uasset" 457
"C:/Users/moehnj/Downloads/InteractionForGameDesignFinal/ResearchProject/Content/SoundEffects/AttackSound.uexp" 458
"C:/Users/moehnj/Downloads/InteractionForGameDesignFinal/ResearchProject/Content/SoundEffects/15_human_dash_2.ubulk" 459
"C:/Users/moehnj/Downloads/InteractionForGameDesignFinal/ResearchProject/Content/SoundEffects/15_human_dash_2.uasset" 460
"C:/Users/moehnj/Downloads/InteractionForGameDesignFinal/ResearchProject/Content/SoundEffects/15_human_dash_2.uexp" 461
"../../../Engine/Plugins/Interchange/Assets/Content/Functions/MF_PhongToMetalRoughness.uasset" 462
"../../../Engine/Plugins/Interchange/Assets/Content/Functions/MF_PhongToMetalRoughness.uexp" 463
"C:/Users/moehnj/Downloads/InteractionForGameDesignFinal/ResearchProject/Content/DungeonAssets/3d_Models/texture_Misc/texture_sword.ubulk" 464
"C:/Users/moehnj/Downloads/InteractionForGameDesignFinal/ResearchProject/Content/DungeonAssets/3d_Models/texture_Misc/texture_sword.uasset" 465
"C:/Users/moehnj/Downloads/InteractionForGameDesignFinal/ResearchProject/Content/DungeonAssets/3d_Models/texture_Misc/texture_sword.uexp" 466
"C:/Users/moehnj/Downloads/InteractionForGameDesignFinal/ResearchProject/Content/DungeonAssets/3d_Models/Materials/Sword_Mat.uasset" 467
"C:/Users/moehnj/Downloads/InteractionForGameDesignFinal/ResearchProject/Content/DungeonAssets/3d_Models/Materials/Sword_Mat.uexp" 468
"C:/Users/moehnj/Downloads/InteractionForGameDesignFinal/ResearchProject/Content/DungeonAssets/3d_Models/Sword_Model.ubulk" 469
"C:/Users/moehnj/Downloads/InteractionForGameDesignFinal/ResearchProject/Content/DungeonAssets/3d_Models/Sword_Model.uasset" 470
"C:/Users/moehnj/Downloads/InteractionForGameDesignFinal/ResearchProject/Content/DungeonAssets/3d_Models/Sword_Model.uexp" 471
"C:/Users/moehnj/Downloads/InteractionForGameDesignFinal/ResearchProject/Content/Input/Actions/IA_Jump.uasset" 472
"C:/Users/moehnj/Downloads/InteractionForGameDesignFinal/ResearchProject/Content/Input/Actions/IA_Jump.uexp" 473
"C:/Users/moehnj/Downloads/InteractionForGameDesignFinal/ResearchProject/Content/Input/Actions/IA_Move.uasset" 474
"C:/Users/moehnj/Downloads/InteractionForGameDesignFinal/ResearchProject/Content/Input/Actions/IA_Move.uexp" 475
"C:/Users/moehnj/Downloads/InteractionForGameDesignFinal/ResearchProject/Content/Input/Actions/IA_Pause.uasset" 476
"C:/Users/moehnj/Downloads/InteractionForGameDesignFinal/ResearchProject/Content/Input/Actions/IA_Pause.uexp" 477
"C:/Users/moehnj/Downloads/InteractionForGameDesignFinal/ResearchProject/Content/Input/Actions/IA_Slide.uasset" 478
"C:/Users/moehnj/Downloads/InteractionForGameDesignFinal/ResearchProject/Content/Input/Actions/IA_Slide.uexp" 479
"C:/Users/moehnj/Downloads/InteractionForGameDesignFinal/ResearchProject/Content/Input/Actions/IA_AirDash.uasset" 480
"C:/Users/moehnj/Downloads/InteractionForGameDesignFinal/ResearchProject/Content/Input/Actions/IA_AirDash.uexp" 481
"C:/Users/moehnj/Downloads/InteractionForGameDesignFinal/ResearchProject/Content/Input/Actions/IA_Attack.uasset" 482
"C:/Users/moehnj/Downloads/InteractionForGameDesignFinal/ResearchProject/Content/Input/Actions/IA_Attack.uexp" 483
"C:/Users/moehnj/Downloads/InteractionForGameDesignFinal/ResearchProject/Content/Input/Actions/IA_Heal.uasset" 484
"C:/Users/moehnj/Downloads/InteractionForGameDesignFinal/ResearchProject/Content/Input/Actions/IA_Heal.uexp" 485
"C:/Users/moehnj/Downloads/InteractionForGameDesignFinal/ResearchProject/Content/Input/IMC_Default.uasset" 486
"C:/Users/moehnj/Downloads/InteractionForGameDesignFinal/ResearchProject/Content/Input/IMC_Default.uexp" 487
"C:/Users/moehnj/Downloads/InteractionForGameDesignFinal/ResearchProject/Content/Input/Actions/IA_MouseLook.uasset" 488
"C:/Users/moehnj/Downloads/InteractionForGameDesignFinal/ResearchProject/Content/Input/Actions/IA_MouseLook.uexp" 489
"C:/Users/moehnj/Downloads/InteractionForGameDesignFinal/ResearchProject/Content/Input/IMC_WalkOnly.uasset" 490
"C:/Users/moehnj/Downloads/InteractionForGameDesignFinal/ResearchProject/Content/Input/IMC_WalkOnly.uexp" 491
"C:/Users/moehnj/Downloads/InteractionForGameDesignFinal/ResearchProject/Content/Input/Actions/IA_Look.uasset" 492
"C:/Users/moehnj/Downloads/InteractionForGameDesignFinal/ResearchProject/Content/Input/Actions/IA_Look.uexp" 493
"C:/Users/moehnj/Downloads/InteractionForGameDesignFinal/ResearchProject/Content/effects/slash/aaaaaa.uasset" 494
"C:/Users/moehnj/Downloads/InteractionForGameDesignFinal/ResearchProject/Content/effects/slash/aaaaaa.uexp" 495
"C:/Users/moehnj/Downloads/InteractionForGameDesignFinal/ResearchProject/Content/effects/slash/mat_slashOtherWay.uasset" 496
"C:/Users/moehnj/Downloads/InteractionForGameDesignFinal/ResearchProject/Content/effects/slash/mat_slashOtherWay.uexp" 497
"C:/Users/moehnj/Downloads/InteractionForGameDesignFinal/ResearchProject/Content/effects/slash/n_slashDir2.uasset" 498
"C:/Users/moehnj/Downloads/InteractionForGameDesignFinal/ResearchProject/Content/effects/slash/n_slashDir2.uexp" 499
"C:/Users/moehnj/Downloads/InteractionForGameDesignFinal/ResearchProject/Content/effects/slash/slash_effect_spritesheet.uasset" 500
"C:/Users/moehnj/Downloads/InteractionForGameDesignFinal/ResearchProject/Content/effects/slash/slash_effect_spritesheet.uexp" 501
"C:/Users/moehnj/Downloads/InteractionForGameDesignFinal/ResearchProject/Content/effects/slash/mat_slash.uasset" 502
"C:/Users/moehnj/Downloads/InteractionForGameDesignFinal/ResearchProject/Content/effects/slash/mat_slash.uexp" 503
"C:/Users/moehnj/Downloads/InteractionForGameDesignFinal/ResearchProject/Content/effects/slash/n_slashDir1.uasset" 504
"C:/Users/moehnj/Downloads/InteractionForGameDesignFinal/ResearchProject/Content/effects/slash/n_slashDir1.uexp" 505
"C:/Users/moehnj/Downloads/InteractionForGameDesignFinal/ResearchProject/Content/effects/movement/flipped_1_.uasset" 506
"C:/Users/moehnj/Downloads/InteractionForGameDesignFinal/ResearchProject/Content/effects/movement/flipped_1_.uexp" 507
"C:/Users/moehnj/Downloads/InteractionForGameDesignFinal/ResearchProject/Content/effects/movement/mat_run2.uasset" 508
"C:/Users/moehnj/Downloads/InteractionForGameDesignFinal/ResearchProject/Content/effects/movement/mat_run2.uexp" 509
"C:/Users/moehnj/Downloads/InteractionForGameDesignFinal/ResearchProject/Content/effects/movement/n_run2.uasset" 510
"C:/Users/moehnj/Downloads/InteractionForGameDesignFinal/ResearchProject/Content/effects/movement/n_run2.uexp" 511
"C:/Users/moehnj/Downloads/InteractionForGameDesignFinal/ResearchProject/Content/effects/movement/spritesheet.uasset" 512
"C:/Users/moehnj/Downloads/InteractionForGameDesignFinal/ResearchProject/Content/effects/movement/spritesheet.uexp" 513
"C:/Users/moehnj/Downloads/InteractionForGameDesignFinal/ResearchProject/Content/effects/movement/mat_run.uasset" 514
"C:/Users/moehnj/Downloads/InteractionForGameDesignFinal/ResearchProject/Content/effects/movement/mat_run.uexp" 515
"C:/Users/moehnj/Downloads/InteractionForGameDesignFinal/ResearchProject/Content/effects/movement/n_run1.uasset" 516
"C:/Users/moehnj/Downloads/InteractionForGameDesignFinal/ResearchProject/Content/effects/movement/n_run1.uexp" 517
"C:/Users/moehnj/Downloads/InteractionForGameDesignFinal/ResearchProject/Content/effects/movement/spritesheet_land.uasset" 518
"C:/Users/moehnj/Downloads/InteractionForGameDesignFinal/ResearchProject/Content/effects/movement/spritesheet_land.uexp" 519
"C:/Users/moehnj/Downloads/InteractionForGameDesignFinal/ResearchProject/Content/effects/movement/mat_land.uasset" 520
"C:/Users/moehnj/Downloads/InteractionForGameDesignFinal/ResearchProject/Content/effects/movement/mat_land.uexp" 521
"C:/Users/moehnj/Downloads/InteractionForGameDesignFinal/ResearchProject/Content/effects/movement/n_land.uasset" 522
"C:/Users/moehnj/Downloads/InteractionForGameDesignFinal/ResearchProject/Content/effects/movement/n_land.uexp" 523
"../../../Engine/Plugins/FX/Niagara/Content/DefaultAssets/DefaultSpriteMaterial.uasset" 524
"../../../Engine/Plugins/FX/Niagara/Content/DefaultAssets/DefaultSpriteMaterial.uexp" 525
"C:/Users/moehnj/Downloads/InteractionForGameDesignFinal/ResearchProject/Content/effects/Dash/n_dashRight.uasset" 526
"C:/Users/moehnj/Downloads/InteractionForGameDesignFinal/ResearchProject/Content/effects/Dash/n_dashRight.uexp" 527
"C:/Users/moehnj/Downloads/InteractionForGameDesignFinal/ResearchProject/Content/DungeonAssets/3d_Models/texture_Misc/texture_Wings.ubulk" 528
"C:/Users/moehnj/Downloads/InteractionForGameDesignFinal/ResearchProject/Content/DungeonAssets/3d_Models/texture_Misc/texture_Wings.uasset" 529
"C:/Users/moehnj/Downloads/InteractionForGameDesignFinal/ResearchProject/Content/DungeonAssets/3d_Models/texture_Misc/texture_Wings.uexp" 530
"C:/Users/moehnj/Downloads/InteractionForGameDesignFinal/ResearchProject/Content/DungeonAssets/3d_Models/Materials/wing_material.uasset" 531
"C:/Users/moehnj/Downloads/InteractionForGameDesignFinal/ResearchProject/Content/DungeonAssets/3d_Models/Materials/wing_material.uexp" 532
"C:/Users/moehnj/Downloads/InteractionForGameDesignFinal/ResearchProject/Content/DungeonAssets/3d_Models/EffectWing.ubulk" 533
"C:/Users/moehnj/Downloads/InteractionForGameDesignFinal/ResearchProject/Content/DungeonAssets/3d_Models/EffectWing.uasset" 534
"C:/Users/moehnj/Downloads/InteractionForGameDesignFinal/ResearchProject/Content/DungeonAssets/3d_Models/EffectWing.uexp" 535
"C:/Users/moehnj/Downloads/InteractionForGameDesignFinal/ResearchProject/Content/Blueprints/Interfaces/BPI_Player.uasset" 536
"C:/Users/moehnj/Downloads/InteractionForGameDesignFinal/ResearchProject/Content/Blueprints/Interfaces/BPI_Player.uexp" 537
"C:/Users/moehnj/Downloads/InteractionForGameDesignFinal/ResearchProject/Content/SoundEffects/CheckPointSound.ubulk" 538
"C:/Users/moehnj/Downloads/InteractionForGameDesignFinal/ResearchProject/Content/SoundEffects/CheckPointSound.uasset" 539
"C:/Users/moehnj/Downloads/InteractionForGameDesignFinal/ResearchProject/Content/SoundEffects/CheckPointSound.uexp" 540
"C:/Users/moehnj/Downloads/InteractionForGameDesignFinal/ResearchProject/Content/SoundEffects/Music/DungeonMusic.ubulk" 541
"C:/Users/moehnj/Downloads/InteractionForGameDesignFinal/ResearchProject/Content/SoundEffects/Music/DungeonMusic.uasset" 542
"C:/Users/moehnj/Downloads/InteractionForGameDesignFinal/ResearchProject/Content/SoundEffects/Music/DungeonMusic.uexp" 543
"C:/Users/moehnj/Downloads/InteractionForGameDesignFinal/ResearchProject/Content/SoundEffects/Music/Crystal_Cavern_Reverie_Favorite_1.ubulk" 544
"C:/Users/moehnj/Downloads/InteractionForGameDesignFinal/ResearchProject/Content/SoundEffects/Music/Crystal_Cavern_Reverie_Favorite_1.uasset" 545
"C:/Users/moehnj/Downloads/InteractionForGameDesignFinal/ResearchProject/Content/SoundEffects/Music/Crystal_Cavern_Reverie_Favorite_1.uexp" 546
"C:/Users/moehnj/Downloads/InteractionForGameDesignFinal/ResearchProject/Content/SoundEffects/Music/Cave_of_Apprehension_Favorite_1.ubulk" 547
"C:/Users/moehnj/Downloads/InteractionForGameDesignFinal/ResearchProject/Content/SoundEffects/Music/Cave_of_Apprehension_Favorite_1.uasset" 548
"C:/Users/moehnj/Downloads/InteractionForGameDesignFinal/ResearchProject/Content/SoundEffects/Music/Cave_of_Apprehension_Favorite_1.uexp" 549
"../../../Engine/Content/EngineMaterials/WorldGridMaterial.uasset" 550
"../../../Engine/Content/EngineMaterials/WorldGridMaterial.uexp" 551
"C:/Users/moehnj/Downloads/InteractionForGameDesignFinal/ResearchProject/Content/DungeonAssets/3d_Models/CrystalModel.ubulk" 552
"C:/Users/moehnj/Downloads/InteractionForGameDesignFinal/ResearchProject/Content/DungeonAssets/3d_Models/CrystalModel.uasset" 553
"C:/Users/moehnj/Downloads/InteractionForGameDesignFinal/ResearchProject/Content/DungeonAssets/3d_Models/CrystalModel.uexp" 554
"C:/Users/moehnj/Downloads/InteractionForGameDesignFinal/ResearchProject/Content/Blueprints/EvnirementalBlueprints/E_Music.uasset" 555
"C:/Users/moehnj/Downloads/InteractionForGameDesignFinal/ResearchProject/Content/Blueprints/EvnirementalBlueprints/E_Music.uexp" 556
"C:/Users/moehnj/Downloads/InteractionForGameDesignFinal/ResearchProject/Content/Blueprints/EvnirementalBlueprints/BP_SavePoint.uasset" 557
"C:/Users/moehnj/Downloads/InteractionForGameDesignFinal/ResearchProject/Content/Blueprints/EvnirementalBlueprints/BP_SavePoint.uexp" 558
"C:/Users/moehnj/Downloads/InteractionForGameDesignFinal/ResearchProject/Content/Blueprints/SaveGame/SG_SaveData.uasset" 559
"C:/Users/moehnj/Downloads/InteractionForGameDesignFinal/ResearchProject/Content/Blueprints/SaveGame/SG_SaveData.uexp" 560
"C:/Users/moehnj/Downloads/InteractionForGameDesignFinal/ResearchProject/Content/Blueprints/Interfaces/BPI_ISkeleton.uasset" 561
"C:/Users/moehnj/Downloads/InteractionForGameDesignFinal/ResearchProject/Content/Blueprints/Interfaces/BPI_ISkeleton.uexp" 562
"C:/Users/moehnj/Downloads/InteractionForGameDesignFinal/ResearchProject/Content/Blueprints/Interfaces/BPI_IHitable.uasset" 563
"C:/Users/moehnj/Downloads/InteractionForGameDesignFinal/ResearchProject/Content/Blueprints/Interfaces/BPI_IHitable.uexp" 564
"C:/Users/moehnj/Downloads/InteractionForGameDesignFinal/ResearchProject/Content/effects/mat_damage.uasset" 565
"C:/Users/moehnj/Downloads/InteractionForGameDesignFinal/ResearchProject/Content/effects/mat_damage.uexp" 566
"C:/Users/moehnj/Downloads/InteractionForGameDesignFinal/ResearchProject/Content/Characters/Player/Mehes/RogueHooded_Skeleton.uasset" 567
"C:/Users/moehnj/Downloads/InteractionForGameDesignFinal/ResearchProject/Content/Characters/Player/Mehes/RogueHooded_Skeleton.uexp" 568
"C:/Users/moehnj/Downloads/InteractionForGameDesignFinal/ResearchProject/Content/Characters/Player/Mehes/rogue_texture.ubulk" 569
"C:/Users/moehnj/Downloads/InteractionForGameDesignFinal/ResearchProject/Content/Characters/Player/Mehes/rogue_texture.uasset" 570
"C:/Users/moehnj/Downloads/InteractionForGameDesignFinal/ResearchProject/Content/Characters/Player/Mehes/rogue_texture.uexp" 571
"C:/Users/moehnj/Downloads/InteractionForGameDesignFinal/ResearchProject/Content/Characters/Player/Mehes/rogue_mat.uasset" 572
"C:/Users/moehnj/Downloads/InteractionForGameDesignFinal/ResearchProject/Content/Characters/Player/Mehes/rogue_mat.uexp" 573
"C:/Users/moehnj/Downloads/InteractionForGameDesignFinal/ResearchProject/Content/Characters/Player/Mehes/RogueHooded_PhysicsAsset.uasset" 574
"C:/Users/moehnj/Downloads/InteractionForGameDesignFinal/ResearchProject/Content/Characters/Player/Mehes/RogueHooded_PhysicsAsset.uexp" 575
"C:/Users/moehnj/Downloads/InteractionForGameDesignFinal/ResearchProject/Content/Characters/Player/Mehes/RogueHooded.uasset" 576
"C:/Users/moehnj/Downloads/InteractionForGameDesignFinal/ResearchProject/Content/Characters/Player/Mehes/RogueHooded.uexp" 577
"../../../Engine/Content/Functions/Engine_MaterialFunctions02/Utility/MakeFloat3.uasset" 578
"../../../Engine/Content/Functions/Engine_MaterialFunctions02/Utility/MakeFloat3.uexp" 579
"C:/Users/moehnj/Downloads/InteractionForGameDesignFinal/ResearchProject/Content/LevelPrototyping/Textures/T_GridChecker_A.ubulk" 580
"C:/Users/moehnj/Downloads/InteractionForGameDesignFinal/ResearchProject/Content/LevelPrototyping/Textures/T_GridChecker_A.uasset" 581
"C:/Users/moehnj/Downloads/InteractionForGameDesignFinal/ResearchProject/Content/LevelPrototyping/Textures/T_GridChecker_A.uexp" 582
"../../../Engine/Content/Functions/Engine_MaterialFunctions01/Gradient/LinearGradient.uasset" 583
"../../../Engine/Content/Functions/Engine_MaterialFunctions01/Gradient/LinearGradient.uexp" 584
"../../../Engine/Content/Functions/Engine_MaterialFunctions01/ImageAdjustment/CheapContrast.uasset" 585
"../../../Engine/Content/Functions/Engine_MaterialFunctions01/ImageAdjustment/CheapContrast.uexp" 586
"C:/Users/moehnj/Downloads/InteractionForGameDesignFinal/ResearchProject/Content/LevelPrototyping/Materials/MF_ProcGrid.uasset" 587
"C:/Users/moehnj/Downloads/InteractionForGameDesignFinal/ResearchProject/Content/LevelPrototyping/Materials/MF_ProcGrid.uexp" 588
"C:/Users/moehnj/Downloads/InteractionForGameDesignFinal/ResearchProject/Content/LevelPrototyping/Materials/M_PrototypeGrid.uasset" 589
"C:/Users/moehnj/Downloads/InteractionForGameDesignFinal/ResearchProject/Content/LevelPrototyping/Materials/M_PrototypeGrid.uexp" 590
"C:/Users/moehnj/Downloads/InteractionForGameDesignFinal/ResearchProject/Content/LevelPrototyping/Materials/MI_PrototypeGrid_Gray.uasset" 591
"C:/Users/moehnj/Downloads/InteractionForGameDesignFinal/ResearchProject/Content/LevelPrototyping/Materials/MI_PrototypeGrid_Gray.uexp" 592
"C:/Users/moehnj/Downloads/InteractionForGameDesignFinal/ResearchProject/Content/LevelPrototyping/Meshes/SM_Cube.ubulk" 593
"C:/Users/moehnj/Downloads/InteractionForGameDesignFinal/ResearchProject/Content/LevelPrototyping/Meshes/SM_Cube.uasset" 594
"C:/Users/moehnj/Downloads/InteractionForGameDesignFinal/ResearchProject/Content/LevelPrototyping/Meshes/SM_Cube.uexp" 595
"C:/Users/moehnj/Downloads/InteractionForGameDesignFinal/ResearchProject/Content/effects/crystal/Crystal_MAT_5.uasset" 596
"C:/Users/moehnj/Downloads/InteractionForGameDesignFinal/ResearchProject/Content/effects/crystal/Crystal_MAT_5.uexp" 597
"C:/Users/moehnj/Downloads/InteractionForGameDesignFinal/ResearchProject/Content/Blueprints/EvnirementalBlueprints/BP_Platform.uasset" 598
"C:/Users/moehnj/Downloads/InteractionForGameDesignFinal/ResearchProject/Content/Blueprints/EvnirementalBlueprints/BP_Platform.uexp" 599
"C:/Users/moehnj/Downloads/InteractionForGameDesignFinal/ResearchProject/Content/SoundEffects/crunch_quick.ubulk" 600
"C:/Users/moehnj/Downloads/InteractionForGameDesignFinal/ResearchProject/Content/SoundEffects/crunch_quick.uasset" 601
"C:/Users/moehnj/Downloads/InteractionForGameDesignFinal/ResearchProject/Content/SoundEffects/crunch_quick.uexp" 602
"C:/Users/moehnj/Downloads/InteractionForGameDesignFinal/ResearchProject/Content/SoundEffects/21_orc_damage_2.ubulk" 603
"C:/Users/moehnj/Downloads/InteractionForGameDesignFinal/ResearchProject/Content/SoundEffects/21_orc_damage_2.uasset" 604
"C:/Users/moehnj/Downloads/InteractionForGameDesignFinal/ResearchProject/Content/SoundEffects/21_orc_damage_2.uexp" 605
"C:/Users/moehnj/Downloads/InteractionForGameDesignFinal/ResearchProject/Content/SoundEffects/21_orc_damage_3.ubulk" 606
"C:/Users/moehnj/Downloads/InteractionForGameDesignFinal/ResearchProject/Content/SoundEffects/21_orc_damage_3.uasset" 607
"C:/Users/moehnj/Downloads/InteractionForGameDesignFinal/ResearchProject/Content/SoundEffects/21_orc_damage_3.uexp" 608
"C:/Users/moehnj/Downloads/InteractionForGameDesignFinal/ResearchProject/Content/SoundEffects/SkeletonDamageSound.uasset" 609
"C:/Users/moehnj/Downloads/InteractionForGameDesignFinal/ResearchProject/Content/SoundEffects/SkeletonDamageSound.uexp" 610
"C:/Users/moehnj/Downloads/InteractionForGameDesignFinal/ResearchProject/Content/effects/crystal/oldMaterials/Crystal.uasset" 611
"C:/Users/moehnj/Downloads/InteractionForGameDesignFinal/ResearchProject/Content/effects/crystal/oldMaterials/Crystal.uexp" 612
"C:/Users/moehnj/Downloads/InteractionForGameDesignFinal/ResearchProject/Content/DungeonAssets/3d_Models/MayaCrystal2.ubulk" 613
"C:/Users/moehnj/Downloads/InteractionForGameDesignFinal/ResearchProject/Content/DungeonAssets/3d_Models/MayaCrystal2.uasset" 614
"C:/Users/moehnj/Downloads/InteractionForGameDesignFinal/ResearchProject/Content/DungeonAssets/3d_Models/MayaCrystal2.uexp" 615
"C:/Users/moehnj/Downloads/InteractionForGameDesignFinal/ResearchProject/Content/DungeonAssets/3d_Models/texture_Misc/texture_Axe.ubulk" 616
"C:/Users/moehnj/Downloads/InteractionForGameDesignFinal/ResearchProject/Content/DungeonAssets/3d_Models/texture_Misc/texture_Axe.uasset" 617
"C:/Users/moehnj/Downloads/InteractionForGameDesignFinal/ResearchProject/Content/DungeonAssets/3d_Models/texture_Misc/texture_Axe.uexp" 618
"C:/Users/moehnj/Downloads/InteractionForGameDesignFinal/ResearchProject/Content/DungeonAssets/3d_Models/Materials/Material_Axe.uasset" 619
"C:/Users/moehnj/Downloads/InteractionForGameDesignFinal/ResearchProject/Content/DungeonAssets/3d_Models/Materials/Material_Axe.uexp" 620
"C:/Users/moehnj/Downloads/InteractionForGameDesignFinal/ResearchProject/Content/DungeonAssets/3d_Models/Axe_texture.ubulk" 621
"C:/Users/moehnj/Downloads/InteractionForGameDesignFinal/ResearchProject/Content/DungeonAssets/3d_Models/Axe_texture.uasset" 622
"C:/Users/moehnj/Downloads/InteractionForGameDesignFinal/ResearchProject/Content/DungeonAssets/3d_Models/Axe_texture.uexp" 623
"C:/Users/moehnj/Downloads/InteractionForGameDesignFinal/ResearchProject/Content/Characters/Skeletons/skeleton_texture.ubulk" 624
"C:/Users/moehnj/Downloads/InteractionForGameDesignFinal/ResearchProject/Content/Characters/Skeletons/skeleton_texture.uasset" 625
"C:/Users/moehnj/Downloads/InteractionForGameDesignFinal/ResearchProject/Content/Characters/Skeletons/skeleton_texture.uexp" 626
"C:/Users/moehnj/Downloads/InteractionForGameDesignFinal/ResearchProject/Content/Characters/Skeletons/skeleton.uasset" 627
"C:/Users/moehnj/Downloads/InteractionForGameDesignFinal/ResearchProject/Content/Characters/Skeletons/skeleton.uexp" 628
"C:/Users/moehnj/Downloads/InteractionForGameDesignFinal/ResearchProject/Content/Characters/Skeletons/Glow.uasset" 629
"C:/Users/moehnj/Downloads/InteractionForGameDesignFinal/ResearchProject/Content/Characters/Skeletons/Glow.uexp" 630
"C:/Users/moehnj/Downloads/InteractionForGameDesignFinal/ResearchProject/Content/Characters/Skeletons/Skeleton_Rogue_Skeleton.uasset" 631
"C:/Users/moehnj/Downloads/InteractionForGameDesignFinal/ResearchProject/Content/Characters/Skeletons/Skeleton_Rogue_Skeleton.uexp" 632
"C:/Users/moehnj/Downloads/InteractionForGameDesignFinal/ResearchProject/Content/Characters/Skeletons/Skeleton_Rogue_PhysicsAsset.uasset" 633
"C:/Users/moehnj/Downloads/InteractionForGameDesignFinal/ResearchProject/Content/Characters/Skeletons/Skeleton_Rogue_PhysicsAsset.uexp" 634
"C:/Users/moehnj/Downloads/InteractionForGameDesignFinal/ResearchProject/Content/Characters/Skeletons/Skeleton_Rogue.uasset" 635
"C:/Users/moehnj/Downloads/InteractionForGameDesignFinal/ResearchProject/Content/Characters/Skeletons/Skeleton_Rogue.uexp" 636
"C:/Users/moehnj/Downloads/InteractionForGameDesignFinal/ResearchProject/Content/Characters/Skeletons/Skeleton_Minion_Skeleton.uasset" 637
"C:/Users/moehnj/Downloads/InteractionForGameDesignFinal/ResearchProject/Content/Characters/Skeletons/Skeleton_Minion_Skeleton.uexp" 638
"../../../Engine/Plugins/Animation/ACLPlugin/Content/ACLAnimCurveCompressionSettings.uasset" 639
"../../../Engine/Plugins/Animation/ACLPlugin/Content/ACLAnimCurveCompressionSettings.uexp" 640
"../../../Engine/Plugins/Animation/ACLPlugin/Content/ACLAnimBoneCompressionSettings.uasset" 641
"../../../Engine/Plugins/Animation/ACLPlugin/Content/ACLAnimBoneCompressionSettings.uexp" 642
"../../../Engine/Content/Animation/DefaultVariableFrameStrippingSettings.uasset" 643
"../../../Engine/Content/Animation/DefaultVariableFrameStrippingSettings.uexp" 644
"C:/Users/moehnj/Downloads/InteractionForGameDesignFinal/ResearchProject/Content/Characters/Skeletons/MinionAnimations/Rig_Medium_General_Anim_Hit_B.uasset" 645
"C:/Users/moehnj/Downloads/InteractionForGameDesignFinal/ResearchProject/Content/Characters/Skeletons/MinionAnimations/Rig_Medium_General_Anim_Hit_B.uexp" 646
"C:/Users/moehnj/Downloads/InteractionForGameDesignFinal/ResearchProject/Content/Characters/Skeletons/MinionAnimations/Rig_Medium_General_Anim_Hit_B_Montage.uasset" 647
"C:/Users/moehnj/Downloads/InteractionForGameDesignFinal/ResearchProject/Content/Characters/Skeletons/MinionAnimations/Rig_Medium_General_Anim_Hit_B_Montage.uexp" 648
"C:/Users/moehnj/Downloads/InteractionForGameDesignFinal/ResearchProject/Content/Characters/Skeletons/MinionAnimations/Rig_Medium_General_Anim_Death_A.uasset" 649
"C:/Users/moehnj/Downloads/InteractionForGameDesignFinal/ResearchProject/Content/Characters/Skeletons/MinionAnimations/Rig_Medium_General_Anim_Death_A.uexp" 650
"C:/Users/moehnj/Downloads/InteractionForGameDesignFinal/ResearchProject/Content/Characters/Skeletons/MinionAnimations/Rig_Medium_General_Anim_Death_A_Montage.uasset" 651
"C:/Users/moehnj/Downloads/InteractionForGameDesignFinal/ResearchProject/Content/Characters/Skeletons/MinionAnimations/Rig_Medium_General_Anim_Death_A_Montage.uexp" 652
"C:/Users/moehnj/Downloads/InteractionForGameDesignFinal/ResearchProject/Content/Characters/Skeletons/RogueAnimation/Rig_Medium_MovementBasic_Anim_Walking_B.uasset" 653
"C:/Users/moehnj/Downloads/InteractionForGameDesignFinal/ResearchProject/Content/Characters/Skeletons/RogueAnimation/Rig_Medium_MovementBasic_Anim_Walking_B.uexp" 654
"C:/Users/moehnj/Downloads/InteractionForGameDesignFinal/ResearchProject/Content/Characters/Skeletons/RogueAnimation/Rig_Medium_MovementBasic_Anim_Running_B.uasset" 655
"C:/Users/moehnj/Downloads/InteractionForGameDesignFinal/ResearchProject/Content/Characters/Skeletons/RogueAnimation/Rig_Medium_MovementBasic_Anim_Running_B.uexp" 656
"C:/Users/moehnj/Downloads/InteractionForGameDesignFinal/ResearchProject/Content/Characters/Skeletons/RogueAnimation/Rig_Medium_MovementBasic_Anim_Jump_Idle.uasset" 657
"C:/Users/moehnj/Downloads/InteractionForGameDesignFinal/ResearchProject/Content/Characters/Skeletons/RogueAnimation/Rig_Medium_MovementBasic_Anim_Jump_Idle.uexp" 658
"C:/Users/moehnj/Downloads/InteractionForGameDesignFinal/ResearchProject/Content/Characters/Skeletons/RogueAnimation/Rig_Medium_General_Anim_Idle_B.uasset" 659
"C:/Users/moehnj/Downloads/InteractionForGameDesignFinal/ResearchProject/Content/Characters/Skeletons/RogueAnimation/Rig_Medium_General_Anim_Idle_B.uexp" 660
"C:/Users/moehnj/Downloads/InteractionForGameDesignFinal/ResearchProject/Content/Characters/Skeletons/RogueAnimation/Rig_Medium_General_Anim_Death_A_Pose.uasset" 661
"C:/Users/moehnj/Downloads/InteractionForGameDesignFinal/ResearchProject/Content/Characters/Skeletons/RogueAnimation/Rig_Medium_General_Anim_Death_A_Pose.uexp" 662
"C:/Users/moehnj/Downloads/InteractionForGameDesignFinal/ResearchProject/Content/Characters/Skeletons/RogueAnimation/Rig_Medium_General_Anim_Death_A.uasset" 663
"C:/Users/moehnj/Downloads/InteractionForGameDesignFinal/ResearchProject/Content/Characters/Skeletons/RogueAnimation/Rig_Medium_General_Anim_Death_A.uexp" 664
"C:/Users/moehnj/Downloads/InteractionForGameDesignFinal/ResearchProject/Content/Blueprints/Enemies/ABP_MediumSkeleton.uasset" 665
"C:/Users/moehnj/Downloads/InteractionForGameDesignFinal/ResearchProject/Content/Blueprints/Enemies/ABP_MediumSkeleton.uexp" 666
"C:/Users/moehnj/Downloads/InteractionForGameDesignFinal/ResearchProject/Content/Blueprints/Enemies/StateTree/MediumSkeleton/Task_Patrol_Meduim.uasset" 667
"C:/Users/moehnj/Downloads/InteractionForGameDesignFinal/ResearchProject/Content/Blueprints/Enemies/StateTree/MediumSkeleton/Task_Patrol_Meduim.uexp" 668
"C:/Users/moehnj/Downloads/InteractionForGameDesignFinal/ResearchProject/Content/Characters/Skeletons/Skeleton_Minion_PhysicsAsset.uasset" 669
"C:/Users/moehnj/Downloads/InteractionForGameDesignFinal/ResearchProject/Content/Characters/Skeletons/Skeleton_Minion_PhysicsAsset.uexp" 670
"C:/Users/moehnj/Downloads/InteractionForGameDesignFinal/ResearchProject/Content/Characters/Skeletons/Skeleton_Minion.uasset" 671
"C:/Users/moehnj/Downloads/InteractionForGameDesignFinal/ResearchProject/Content/Characters/Skeletons/Skeleton_Minion.uexp" 672
"C:/Users/moehnj/Downloads/InteractionForGameDesignFinal/ResearchProject/Content/Characters/Skeletons/MinionAnimations/Rig_Medium_MovementBasic_Anim_Walking_B.uasset" 673
"C:/Users/moehnj/Downloads/InteractionForGameDesignFinal/ResearchProject/Content/Characters/Skeletons/MinionAnimations/Rig_Medium_MovementBasic_Anim_Walking_B.uexp" 674
"C:/Users/moehnj/Downloads/InteractionForGameDesignFinal/ResearchProject/Content/Characters/Skeletons/MinionAnimations/Rig_Medium_MovementBasic_Anim_Running_A.uasset" 675
"C:/Users/moehnj/Downloads/InteractionForGameDesignFinal/ResearchProject/Content/Characters/Skeletons/MinionAnimations/Rig_Medium_MovementBasic_Anim_Running_A.uexp" 676
"C:/Users/moehnj/Downloads/InteractionForGameDesignFinal/ResearchProject/Content/Characters/Skeletons/MinionAnimations/Rig_Medium_MovementBasic_Anim_Jump_Idle.uasset" 677
"C:/Users/moehnj/Downloads/InteractionForGameDesignFinal/ResearchProject/Content/Characters/Skeletons/MinionAnimations/Rig_Medium_MovementBasic_Anim_Jump_Idle.uexp" 678
"C:/Users/moehnj/Downloads/InteractionForGameDesignFinal/ResearchProject/Content/Characters/Skeletons/MinionAnimations/Rig_Medium_General_Anim_Idle_A.uasset" 679
"C:/Users/moehnj/Downloads/InteractionForGameDesignFinal/ResearchProject/Content/Characters/Skeletons/MinionAnimations/Rig_Medium_General_Anim_Idle_A.uexp" 680
"C:/Users/moehnj/Downloads/InteractionForGameDesignFinal/ResearchProject/Content/Characters/Skeletons/MinionAnimations/Rig_Medium_General_Anim_Death_A_Pose.uasset" 681
"C:/Users/moehnj/Downloads/InteractionForGameDesignFinal/ResearchProject/Content/Characters/Skeletons/MinionAnimations/Rig_Medium_General_Anim_Death_A_Pose.uexp" 682
"C:/Users/moehnj/Downloads/InteractionForGameDesignFinal/ResearchProject/Content/Blueprints/Enemies/ABP_Minion.uasset" 683
"C:/Users/moehnj/Downloads/InteractionForGameDesignFinal/ResearchProject/Content/Blueprints/Enemies/ABP_Minion.uexp" 684
"C:/Users/moehnj/Downloads/InteractionForGameDesignFinal/ResearchProject/Content/Characters/Skeletons/MinionAnimations/Rig_Medium_General_Anim_Spawn_Ground.uasset" 685
"C:/Users/moehnj/Downloads/InteractionForGameDesignFinal/ResearchProject/Content/Characters/Skeletons/MinionAnimations/Rig_Medium_General_Anim_Spawn_Ground.uexp" 686
"C:/Users/moehnj/Downloads/InteractionForGameDesignFinal/ResearchProject/Content/Characters/Skeletons/MinionAnimations/Rig_Medium_General_Anim_Spawn_Ground_Montage.uasset" 687
"C:/Users/moehnj/Downloads/InteractionForGameDesignFinal/ResearchProject/Content/Characters/Skeletons/MinionAnimations/Rig_Medium_General_Anim_Spawn_Ground_Montage.uexp" 688
"C:/Users/moehnj/Downloads/InteractionForGameDesignFinal/ResearchProject/Content/Blueprints/Enemies/StateTree/BaseSkeleton/Task_TouchedPlayer.uasset" 689
"C:/Users/moehnj/Downloads/InteractionForGameDesignFinal/ResearchProject/Content/Blueprints/Enemies/StateTree/BaseSkeleton/Task_TouchedPlayer.uexp" 690
"C:/Users/moehnj/Downloads/InteractionForGameDesignFinal/ResearchProject/Content/Blueprints/Enemies/StateTree/BaseSkeleton/Task_ChasePlayer.uasset" 691
"C:/Users/moehnj/Downloads/InteractionForGameDesignFinal/ResearchProject/Content/Blueprints/Enemies/StateTree/BaseSkeleton/Task_ChasePlayer.uexp" 692
"C:/Users/moehnj/Downloads/InteractionForGameDesignFinal/ResearchProject/Content/Blueprints/Enemies/StateTree/BaseSkeleton/ST_BasicEnemy.uasset" 693
"C:/Users/moehnj/Downloads/InteractionForGameDesignFinal/ResearchProject/Content/Blueprints/Enemies/StateTree/BaseSkeleton/ST_BasicEnemy.uexp" 694
"C:/Users/moehnj/Downloads/InteractionForGameDesignFinal/ResearchProject/Content/Blueprints/Enemies/BP_BaseEnemyAi.uasset" 695
"C:/Users/moehnj/Downloads/InteractionForGameDesignFinal/ResearchProject/Content/Blueprints/Enemies/BP_BaseEnemyAi.uexp" 696
"C:/Users/moehnj/Downloads/InteractionForGameDesignFinal/ResearchProject/Content/Blueprints/Enemies/StateTree/BaseSkeleton/Task_Patrol.uasset" 697
"C:/Users/moehnj/Downloads/InteractionForGameDesignFinal/ResearchProject/Content/Blueprints/Enemies/StateTree/BaseSkeleton/Task_Patrol.uexp" 698
"C:/Users/moehnj/Downloads/InteractionForGameDesignFinal/ResearchProject/Content/Blueprints/Enemies/StateTree/MediumSkeleton/Task_ChasePlayer_Medium.uasset" 699
"C:/Users/moehnj/Downloads/InteractionForGameDesignFinal/ResearchProject/Content/Blueprints/Enemies/StateTree/MediumSkeleton/Task_ChasePlayer_Medium.uexp" 700
"C:/Users/moehnj/Downloads/InteractionForGameDesignFinal/ResearchProject/Content/BossFight/Boss/Rig_Medium/Rig_Medium_CombatMelee_Anim_Melee_2H_Attack_Chop.uasset" 701
"C:/Users/moehnj/Downloads/InteractionForGameDesignFinal/ResearchProject/Content/BossFight/Boss/Rig_Medium/Rig_Medium_CombatMelee_Anim_Melee_2H_Attack_Chop.uexp" 702
"C:/Users/moehnj/Downloads/InteractionForGameDesignFinal/ResearchProject/Content/BossFight/Boss/Rig_Medium/Notify_SlowAnim.uasset" 703
"C:/Users/moehnj/Downloads/InteractionForGameDesignFinal/ResearchProject/Content/BossFight/Boss/Rig_Medium/Notify_SlowAnim.uexp" 704
"C:/Users/moehnj/Downloads/InteractionForGameDesignFinal/ResearchProject/Content/Blueprints/Enemies/StateTree/MediumSkeleton/Notify_CanHitPlayer.uasset" 705
"C:/Users/moehnj/Downloads/InteractionForGameDesignFinal/ResearchProject/Content/Blueprints/Enemies/StateTree/MediumSkeleton/Notify_CanHitPlayer.uexp" 706
"C:/Users/moehnj/Downloads/InteractionForGameDesignFinal/ResearchProject/Content/Blueprints/Enemies/StateTree/MediumSkeleton/Notify_SpawnAxeCrystals.uasset" 707
"C:/Users/moehnj/Downloads/InteractionForGameDesignFinal/ResearchProject/Content/Blueprints/Enemies/StateTree/MediumSkeleton/Notify_SpawnAxeCrystals.uexp" 708
"C:/Users/moehnj/Downloads/InteractionForGameDesignFinal/ResearchProject/Content/BossFight/Boss/Rig_Medium/Rig_Medium_CombatMelee_Anim_Melee_2H_Attack_Chop_Montage.uasset" 709
"C:/Users/moehnj/Downloads/InteractionForGameDesignFinal/ResearchProject/Content/BossFight/Boss/Rig_Medium/Rig_Medium_CombatMelee_Anim_Melee_2H_Attack_Chop_Montage.uexp" 710
"C:/Users/moehnj/Downloads/InteractionForGameDesignFinal/ResearchProject/Content/Blueprints/Enemies/StateTree/MediumSkeleton/Task_Attack_Medium.uasset" 711
"C:/Users/moehnj/Downloads/InteractionForGameDesignFinal/ResearchProject/Content/Blueprints/Enemies/StateTree/MediumSkeleton/Task_Attack_Medium.uexp" 712
"C:/Users/moehnj/Downloads/InteractionForGameDesignFinal/ResearchProject/Content/Blueprints/Enemies/StateTree/MediumSkeleton/ST_MeduinSkeleton.uasset" 713
"C:/Users/moehnj/Downloads/InteractionForGameDesignFinal/ResearchProject/Content/Blueprints/Enemies/StateTree/MediumSkeleton/ST_MeduinSkeleton.uexp" 714
"C:/Users/moehnj/Downloads/InteractionForGameDesignFinal/ResearchProject/Content/Blueprints/Enemies/BP_MediumSkeletonAi.uasset" 715
"C:/Users/moehnj/Downloads/InteractionForGameDesignFinal/ResearchProject/Content/Blueprints/Enemies/BP_MediumSkeletonAi.uexp" 716
"C:/Users/moehnj/Downloads/InteractionForGameDesignFinal/ResearchProject/Content/Blueprints/EvnirementalBlueprints/BP_CaveGaunlet.uasset" 717
"C:/Users/moehnj/Downloads/InteractionForGameDesignFinal/ResearchProject/Content/Blueprints/EvnirementalBlueprints/BP_CaveGaunlet.uexp" 718
"C:/Users/moehnj/Downloads/InteractionForGameDesignFinal/ResearchProject/Content/SoundEffects/Procedural_Hearbeat/Heartbeat/MS_Procedural_Hearbeat.uasset" 719
"C:/Users/moehnj/Downloads/InteractionForGameDesignFinal/ResearchProject/Content/SoundEffects/Procedural_Hearbeat/Heartbeat/MS_Procedural_Hearbeat.uexp" 720
"C:/Users/moehnj/Downloads/InteractionForGameDesignFinal/ResearchProject/Content/SoundEffects/Procedural_Hearbeat/Heartbeat/MS_Procedural_Hearbeat_Cue.uasset" 721
"C:/Users/moehnj/Downloads/InteractionForGameDesignFinal/ResearchProject/Content/SoundEffects/Procedural_Hearbeat/Heartbeat/MS_Procedural_Hearbeat_Cue.uexp" 722
"C:/Users/moehnj/Downloads/InteractionForGameDesignFinal/ResearchProject/Content/Characters/Player/Curves/WallSlideCurve.uasset" 723
"C:/Users/moehnj/Downloads/InteractionForGameDesignFinal/ResearchProject/Content/Characters/Player/Curves/WallSlideCurve.uexp" 724
"C:/Users/moehnj/Downloads/InteractionForGameDesignFinal/ResearchProject/Content/Characters/Player/Curves/AirDashCurve.uasset" 725
"C:/Users/moehnj/Downloads/InteractionForGameDesignFinal/ResearchProject/Content/Characters/Player/Curves/AirDashCurve.uexp" 726
"C:/Users/moehnj/Downloads/InteractionForGameDesignFinal/ResearchProject/Content/Characters/Player/Animations/Start_Running_Slide.uasset" 727
"C:/Users/moehnj/Downloads/InteractionForGameDesignFinal/ResearchProject/Content/Characters/Player/Animations/Start_Running_Slide.uexp" 728
"C:/Users/moehnj/Downloads/InteractionForGameDesignFinal/ResearchProject/Content/Characters/Player/Animations/End_Running_Slide.uasset" 729
"C:/Users/moehnj/Downloads/InteractionForGameDesignFinal/ResearchProject/Content/Characters/Player/Animations/End_Running_Slide.uexp" 730
"C:/Users/moehnj/Downloads/InteractionForGameDesignFinal/ResearchProject/Content/Characters/Player/Animations/RogueHooded_Anim_Block_Attack.uasset" 731
"C:/Users/moehnj/Downloads/InteractionForGameDesignFinal/ResearchProject/Content/Characters/Player/Animations/RogueHooded_Anim_Block_Attack.uexp" 732
"C:/Users/moehnj/Downloads/InteractionForGameDesignFinal/ResearchProject/Content/Characters/Player/Animations/RogueHooded_Anim_Dodge_Forward.uasset" 733
"C:/Users/moehnj/Downloads/InteractionForGameDesignFinal/ResearchProject/Content/Characters/Player/Animations/RogueHooded_Anim_Dodge_Forward.uexp" 734
"C:/Users/moehnj/Downloads/InteractionForGameDesignFinal/ResearchProject/Content/Characters/Player/Animations/RogueHooded_Anim_Idle.uasset" 735
"C:/Users/moehnj/Downloads/InteractionForGameDesignFinal/ResearchProject/Content/Characters/Player/Animations/RogueHooded_Anim_Idle.uexp" 736
"C:/Users/moehnj/Downloads/InteractionForGameDesignFinal/ResearchProject/Content/Characters/Player/Animations/RogueHooded_Anim_Jump_Idle.uasset" 737
"C:/Users/moehnj/Downloads/InteractionForGameDesignFinal/ResearchProject/Content/Characters/Player/Animations/RogueHooded_Anim_Jump_Idle.uexp" 738
"C:/Users/moehnj/Downloads/InteractionForGameDesignFinal/ResearchProject/Content/Characters/Player/Animations/RogueHooded_Anim_Jump_Start.uasset" 739
"C:/Users/moehnj/Downloads/InteractionForGameDesignFinal/ResearchProject/Content/Characters/Player/Animations/RogueHooded_Anim_Jump_Start.uexp" 740
"C:/Users/moehnj/Downloads/InteractionForGameDesignFinal/ResearchProject/Content/Characters/Player/Animations/RogueHooded_Anim_Running_A.uasset" 741
"C:/Users/moehnj/Downloads/InteractionForGameDesignFinal/ResearchProject/Content/Characters/Player/Animations/RogueHooded_Anim_Running_A.uexp" 742
"C:/Users/moehnj/Downloads/InteractionForGameDesignFinal/ResearchProject/Content/Characters/Player/Animations/RogueHooded_Anim_Death_A_Pose.uasset" 743
"C:/Users/moehnj/Downloads/InteractionForGameDesignFinal/ResearchProject/Content/Characters/Player/Animations/RogueHooded_Anim_Death_A_Pose.uexp" 744
"C:/Users/moehnj/Downloads/InteractionForGameDesignFinal/ResearchProject/Content/Characters/Player/Animations/RogueHooded_Anim_Death_A.uasset" 745
"C:/Users/moehnj/Downloads/InteractionForGameDesignFinal/ResearchProject/Content/Characters/Player/Animations/RogueHooded_Anim_Death_A.uexp" 746
"C:/Users/moehnj/Downloads/InteractionForGameDesignFinal/ResearchProject/Content/Characters/Player/BluePrints/ABP_Player.uasset" 747
"C:/Users/moehnj/Downloads/InteractionForGameDesignFinal/ResearchProject/Content/Characters/Player/BluePrints/ABP_Player.uexp" 748
"C:/Users/moehnj/Downloads/InteractionForGameDesignFinal/ResearchProject/Content/Characters/Player/Animations/RogueHooded_Anim_Hit_A.uasset" 749
"C:/Users/moehnj/Downloads/InteractionForGameDesignFinal/ResearchProject/Content/Characters/Player/Animations/RogueHooded_Anim_Hit_A.uexp" 750
"C:/Users/moehnj/Downloads/InteractionForGameDesignFinal/ResearchProject/Content/Characters/Player/Animations/RogueHooded_Anim_Hit_A_Montage.uasset" 751
"C:/Users/moehnj/Downloads/InteractionForGameDesignFinal/ResearchProject/Content/Characters/Player/Animations/RogueHooded_Anim_Hit_A_Montage.uexp" 752
"C:/Users/moehnj/Downloads/InteractionForGameDesignFinal/ResearchProject/Content/Characters/Player/Animations/RogueHooded_Anim_1H_Melee_Attack_Chop.uasset" 753
"C:/Users/moehnj/Downloads/InteractionForGameDesignFinal/ResearchProject/Content/Characters/Player/Animations/RogueHooded_Anim_1H_Melee_Attack_Chop.uexp" 754
"C:/Users/moehnj/Downloads/InteractionForGameDesignFinal/ResearchProject/Content/Characters/Player/Animations/RogueHooded_Anim_1H_Melee_Attack_Chop_Montage.uasset" 755
"C:/Users/moehnj/Downloads/InteractionForGameDesignFinal/ResearchProject/Content/Characters/Player/Animations/RogueHooded_Anim_1H_Melee_Attack_Chop_Montage.uexp" 756
"C:/Users/moehnj/Downloads/InteractionForGameDesignFinal/ResearchProject/Content/Characters/Player/Animations/Braced_Hang_To_Crouch.uasset" 757
"C:/Users/moehnj/Downloads/InteractionForGameDesignFinal/ResearchProject/Content/Characters/Player/Animations/Braced_Hang_To_Crouch.uexp" 758
"C:/Users/moehnj/Downloads/InteractionForGameDesignFinal/ResearchProject/Content/Characters/Player/Animations/AM_Braced_Hang_To_Crouch_Montage.uasset" 759
"C:/Users/moehnj/Downloads/InteractionForGameDesignFinal/ResearchProject/Content/Characters/Player/Animations/AM_Braced_Hang_To_Crouch_Montage.uexp" 760
"C:/Users/moehnj/Downloads/InteractionForGameDesignFinal/ResearchProject/Content/Blueprints/Characters/BP_ResearchProjectCharacter.uasset" 761
"C:/Users/moehnj/Downloads/InteractionForGameDesignFinal/ResearchProject/Content/Blueprints/Characters/BP_ResearchProjectCharacter.uexp" 762
"C:/Users/moehnj/Downloads/InteractionForGameDesignFinal/ResearchProject/Content/Blueprints/Game/BP_ResearchProjectGameMode.uasset" 763
"C:/Users/moehnj/Downloads/InteractionForGameDesignFinal/ResearchProject/Content/Blueprints/Game/BP_ResearchProjectGameMode.uexp" 764
"C:/Users/moehnj/Downloads/InteractionForGameDesignFinal/ResearchProject/Content/BossFight/WB_BossHealthBar.uasset" 765
"C:/Users/moehnj/Downloads/InteractionForGameDesignFinal/ResearchProject/Content/BossFight/WB_BossHealthBar.uexp" 766
"C:/Users/moehnj/Downloads/InteractionForGameDesignFinal/ResearchProject/Content/BossFight/E_BossFarAttacks.uasset" 767
"C:/Users/moehnj/Downloads/InteractionForGameDesignFinal/ResearchProject/Content/BossFight/E_BossFarAttacks.uexp" 768
"C:/Users/moehnj/Downloads/InteractionForGameDesignFinal/ResearchProject/Content/BossFight/E_BossCloseAttacks.uasset" 769
"C:/Users/moehnj/Downloads/InteractionForGameDesignFinal/ResearchProject/Content/BossFight/E_BossCloseAttacks.uexp" 770
"C:/Users/moehnj/Downloads/InteractionForGameDesignFinal/ResearchProject/Content/BossFight/E_BossAttack.uasset" 771
"C:/Users/moehnj/Downloads/InteractionForGameDesignFinal/ResearchProject/Content/BossFight/E_BossAttack.uexp" 772
"C:/Users/moehnj/Downloads/InteractionForGameDesignFinal/ResearchProject/Content/effects/crystal/oldMaterials/Crystal2.uasset" 773
"C:/Users/moehnj/Downloads/InteractionForGameDesignFinal/ResearchProject/Content/effects/crystal/oldMaterials/Crystal2.uexp" 774
"C:/Users/moehnj/Downloads/InteractionForGameDesignFinal/ResearchProject/Content/effects/crystal/oldMaterials/Crystal3.uasset" 775
"C:/Users/moehnj/Downloads/InteractionForGameDesignFinal/ResearchProject/Content/effects/crystal/oldMaterials/Crystal3.uexp" 776
"C:/Users/moehnj/Downloads/InteractionForGameDesignFinal/ResearchProject/Content/effects/crystal/oldMaterials/CrystalMain.uasset" 777
"C:/Users/moehnj/Downloads/InteractionForGameDesignFinal/ResearchProject/Content/effects/crystal/oldMaterials/CrystalMain.uexp" 778
"C:/Users/moehnj/Downloads/InteractionForGameDesignFinal/ResearchProject/Content/BossFight/Boss/BP_BossAreaEffect.uasset" 779
"C:/Users/moehnj/Downloads/InteractionForGameDesignFinal/ResearchProject/Content/BossFight/Boss/BP_BossAreaEffect.uexp" 780
"C:/Users/moehnj/Downloads/InteractionForGameDesignFinal/ResearchProject/Content/BossFight/Task_PickAttack.uasset" 781
"C:/Users/moehnj/Downloads/InteractionForGameDesignFinal/ResearchProject/Content/BossFight/Task_PickAttack.uexp" 782
"C:/Users/moehnj/Downloads/InteractionForGameDesignFinal/ResearchProject/Content/Characters/Skeletons/Skeleton_Warrior_Skeleton.uasset" 783
"C:/Users/moehnj/Downloads/InteractionForGameDesignFinal/ResearchProject/Content/Characters/Skeletons/Skeleton_Warrior_Skeleton.uexp" 784
"C:/Users/moehnj/Downloads/InteractionForGameDesignFinal/ResearchProject/Content/BossFight/Boss/Rig_Medium/Rig_Medium_General_Anim_Spawn_Air.uasset" 785
"C:/Users/moehnj/Downloads/InteractionForGameDesignFinal/ResearchProject/Content/BossFight/Boss/Rig_Medium/Rig_Medium_General_Anim_Spawn_Air.uexp" 786
"C:/Users/moehnj/Downloads/InteractionForGameDesignFinal/ResearchProject/Content/BossFight/Boss/Rig_Medium/Boss_AirSpawn.uasset" 787
"C:/Users/moehnj/Downloads/InteractionForGameDesignFinal/ResearchProject/Content/BossFight/Boss/Rig_Medium/Boss_AirSpawn.uexp" 788
"C:/Users/moehnj/Downloads/InteractionForGameDesignFinal/ResearchProject/Content/BossFight/Boss/Rig_Medium/Notify_DisapearEffect.uasset" 789
"C:/Users/moehnj/Downloads/InteractionForGameDesignFinal/ResearchProject/Content/BossFight/Boss/Rig_Medium/Notify_DisapearEffect.uexp" 790
"C:/Users/moehnj/Downloads/InteractionForGameDesignFinal/ResearchProject/Content/BossFight/Boss/Rig_Medium/Boss_HoldingStaff.uasset" 791
"C:/Users/moehnj/Downloads/InteractionForGameDesignFinal/ResearchProject/Content/BossFight/Boss/Rig_Medium/Boss_HoldingStaff.uexp" 792
"C:/Users/moehnj/Downloads/InteractionForGameDesignFinal/ResearchProject/Content/BossFight/Boss/Rig_Medium/Boss_HoldingStaff_Montage.uasset" 793
"C:/Users/moehnj/Downloads/InteractionForGameDesignFinal/ResearchProject/Content/BossFight/Boss/Rig_Medium/Boss_HoldingStaff_Montage.uexp" 794
"C:/Users/moehnj/Downloads/InteractionForGameDesignFinal/ResearchProject/Content/BossFight/Boss/Rig_Medium/Rig_Medium_CombatMelee_Anim_Melee_Block.uasset" 795
"C:/Users/moehnj/Downloads/InteractionForGameDesignFinal/ResearchProject/Content/BossFight/Boss/Rig_Medium/Rig_Medium_CombatMelee_Anim_Melee_Block.uexp" 796
"C:/Users/moehnj/Downloads/InteractionForGameDesignFinal/ResearchProject/Content/BossFight/Boss/Rig_Medium/Boss_HoldStaff.uasset" 797
"C:/Users/moehnj/Downloads/InteractionForGameDesignFinal/ResearchProject/Content/BossFight/Boss/Rig_Medium/Boss_HoldStaff.uexp" 798
"C:/Users/moehnj/Downloads/InteractionForGameDesignFinal/ResearchProject/Content/BossFight/Boss/Rig_Medium/Rig_Medium_CombatMelee_Anim_Melee_1H_Attack_Jump_Chop.uasset" 799
"C:/Users/moehnj/Downloads/InteractionForGameDesignFinal/ResearchProject/Content/BossFight/Boss/Rig_Medium/Rig_Medium_CombatMelee_Anim_Melee_1H_Attack_Jump_Chop.uexp" 800
"C:/Users/moehnj/Downloads/InteractionForGameDesignFinal/ResearchProject/Content/BossFight/Boss/Rig_Medium/Boss_JumpAttackEnd.uasset" 801
"C:/Users/moehnj/Downloads/InteractionForGameDesignFinal/ResearchProject/Content/BossFight/Boss/Rig_Medium/Boss_JumpAttackEnd.uexp" 802
"C:/Users/moehnj/Downloads/InteractionForGameDesignFinal/ResearchProject/Content/BossFight/Task_GroundSlam.uasset" 803
"C:/Users/moehnj/Downloads/InteractionForGameDesignFinal/ResearchProject/Content/BossFight/Task_GroundSlam.uexp" 804
"C:/Users/moehnj/Downloads/InteractionForGameDesignFinal/ResearchProject/Content/BossFight/Boss/Rig_Medium/Rig_Medium_CombatMelee_Anim_Melee_Dualwield_Attack_Chop.uasset" 805
"C:/Users/moehnj/Downloads/InteractionForGameDesignFinal/ResearchProject/Content/BossFight/Boss/Rig_Medium/Rig_Medium_CombatMelee_Anim_Melee_Dualwield_Attack_Chop.uexp" 806
"C:/Users/moehnj/Downloads/InteractionForGameDesignFinal/ResearchProject/Content/BossFight/Boss/BP_BossGroundCrystal.uasset" 807
"C:/Users/moehnj/Downloads/InteractionForGameDesignFinal/ResearchProject/Content/BossFight/Boss/BP_BossGroundCrystal.uexp" 808
"C:/Users/moehnj/Downloads/InteractionForGameDesignFinal/ResearchProject/Content/BossFight/Boss/Rig_Medium/Notify_SpawnGroundCrystals.uasset" 809
"C:/Users/moehnj/Downloads/InteractionForGameDesignFinal/ResearchProject/Content/BossFight/Boss/Rig_Medium/Notify_SpawnGroundCrystals.uexp" 810
"C:/Users/moehnj/Downloads/InteractionForGameDesignFinal/ResearchProject/Content/BossFight/Boss/Rig_Medium/Notify_PokeCrystalBegin.uasset" 811
"C:/Users/moehnj/Downloads/InteractionForGameDesignFinal/ResearchProject/Content/BossFight/Boss/Rig_Medium/Notify_PokeCrystalBegin.uexp" 812
"C:/Users/moehnj/Downloads/InteractionForGameDesignFinal/ResearchProject/Content/BossFight/Boss/Rig_Medium/Notify_DetachAnKillCrystal.uasset" 813
"C:/Users/moehnj/Downloads/InteractionForGameDesignFinal/ResearchProject/Content/BossFight/Boss/Rig_Medium/Notify_DetachAnKillCrystal.uexp" 814
"C:/Users/moehnj/Downloads/InteractionForGameDesignFinal/ResearchProject/Content/BossFight/Boss/Rig_Medium/Notify_CANdamagePlayer.uasset" 815
"C:/Users/moehnj/Downloads/InteractionForGameDesignFinal/ResearchProject/Content/BossFight/Boss/Rig_Medium/Notify_CANdamagePlayer.uexp" 816
"C:/Users/moehnj/Downloads/InteractionForGameDesignFinal/ResearchProject/Content/BossFight/Boss/Rig_Medium/Boss_DoublePoke.uasset" 817
"C:/Users/moehnj/Downloads/InteractionForGameDesignFinal/ResearchProject/Content/BossFight/Boss/Rig_Medium/Boss_DoublePoke.uexp" 818
"C:/Users/moehnj/Downloads/InteractionForGameDesignFinal/ResearchProject/Content/BossFight/Task_DoublePoke.uasset" 819
"C:/Users/moehnj/Downloads/InteractionForGameDesignFinal/ResearchProject/Content/BossFight/Task_DoublePoke.uexp" 820
"C:/Users/moehnj/Downloads/InteractionForGameDesignFinal/ResearchProject/Content/BossFight/Task_DebugPrintString.uasset" 821
"C:/Users/moehnj/Downloads/InteractionForGameDesignFinal/ResearchProject/Content/BossFight/Task_DebugPrintString.uexp" 822
"C:/Users/moehnj/Downloads/InteractionForGameDesignFinal/ResearchProject/Content/BossFight/Boss/Rig_Medium/Rig_Medium_General_Anim_PickUp.uasset" 823
"C:/Users/moehnj/Downloads/InteractionForGameDesignFinal/ResearchProject/Content/BossFight/Boss/Rig_Medium/Rig_Medium_General_Anim_PickUp.uexp" 824
"C:/Users/moehnj/Downloads/InteractionForGameDesignFinal/ResearchProject/Content/BossFight/Boss/Rig_Medium/Boss_DashEnd.uasset" 825
"C:/Users/moehnj/Downloads/InteractionForGameDesignFinal/ResearchProject/Content/BossFight/Boss/Rig_Medium/Boss_DashEnd.uexp" 826
"C:/Users/moehnj/Downloads/InteractionForGameDesignFinal/ResearchProject/Content/BossFight/Boss/Rig_Medium/Boss_DashStart.uasset" 827
"C:/Users/moehnj/Downloads/InteractionForGameDesignFinal/ResearchProject/Content/BossFight/Boss/Rig_Medium/Boss_DashStart.uexp" 828
"C:/Users/moehnj/Downloads/InteractionForGameDesignFinal/ResearchProject/Content/BossFight/Task_Dash.uasset" 829
"C:/Users/moehnj/Downloads/InteractionForGameDesignFinal/ResearchProject/Content/BossFight/Task_Dash.uexp" 830
"C:/Users/moehnj/Downloads/InteractionForGameDesignFinal/ResearchProject/Content/BossFight/Boss/Rig_Medium/Boss_Chop.uasset" 831
"C:/Users/moehnj/Downloads/InteractionForGameDesignFinal/ResearchProject/Content/BossFight/Boss/Rig_Medium/Boss_Chop.uexp" 832
"C:/Users/moehnj/Downloads/InteractionForGameDesignFinal/ResearchProject/Content/BossFight/Task_Chop.uasset" 833
"C:/Users/moehnj/Downloads/InteractionForGameDesignFinal/ResearchProject/Content/BossFight/Task_Chop.uexp" 834
"C:/Users/moehnj/Downloads/InteractionForGameDesignFinal/ResearchProject/Content/BossFight/Task_BossChasePlayer.uasset" 835
"C:/Users/moehnj/Downloads/InteractionForGameDesignFinal/ResearchProject/Content/BossFight/Task_BossChasePlayer.uexp" 836
"C:/Users/moehnj/Downloads/InteractionForGameDesignFinal/ResearchProject/Content/BossFight/Boss/Rig_Medium/Rig_Medium_CombatMelee_Anim_Melee_1H_Attack_Stab.uasset" 837
"C:/Users/moehnj/Downloads/InteractionForGameDesignFinal/ResearchProject/Content/BossFight/Boss/Rig_Medium/Rig_Medium_CombatMelee_Anim_Melee_1H_Attack_Stab.uexp" 838
"C:/Users/moehnj/Downloads/InteractionForGameDesignFinal/ResearchProject/Content/BossFight/Boss/Rig_Medium/Boss_Poke.uasset" 839
"C:/Users/moehnj/Downloads/InteractionForGameDesignFinal/ResearchProject/Content/BossFight/Boss/Rig_Medium/Boss_Poke.uexp" 840
"C:/Users/moehnj/Downloads/InteractionForGameDesignFinal/ResearchProject/Content/BossFight/Boss/BP_BossPokeEffect.uasset" 841
"C:/Users/moehnj/Downloads/InteractionForGameDesignFinal/ResearchProject/Content/BossFight/Boss/BP_BossPokeEffect.uexp" 842
"C:/Users/moehnj/Downloads/InteractionForGameDesignFinal/ResearchProject/Content/BossFight/Take_Poke.uasset" 843
"C:/Users/moehnj/Downloads/InteractionForGameDesignFinal/ResearchProject/Content/BossFight/Take_Poke.uexp" 844
"C:/Users/moehnj/Downloads/InteractionForGameDesignFinal/ResearchProject/Content/BossFight/ST_Boss.uasset" 845
"C:/Users/moehnj/Downloads/InteractionForGameDesignFinal/ResearchProject/Content/BossFight/ST_Boss.uexp" 846
"C:/Users/moehnj/Downloads/InteractionForGameDesignFinal/ResearchProject/Content/BossFight/Boss/Rig_Medium/Rig_Medium_Special_Anim_Skeletons_Idle.uasset" 847
"C:/Users/moehnj/Downloads/InteractionForGameDesignFinal/ResearchProject/Content/BossFight/Boss/Rig_Medium/Rig_Medium_Special_Anim_Skeletons_Idle.uexp" 848
"C:/Users/moehnj/Downloads/InteractionForGameDesignFinal/ResearchProject/Content/BossFight/Boss/Rig_Medium/Rig_Medium_MovementBasic_Anim_Running_A.uasset" 849
"C:/Users/moehnj/Downloads/InteractionForGameDesignFinal/ResearchProject/Content/BossFight/Boss/Rig_Medium/Rig_Medium_MovementBasic_Anim_Running_A.uexp" 850
"C:/Users/moehnj/Downloads/InteractionForGameDesignFinal/ResearchProject/Content/BossFight/Boss/Rig_Medium/Rig_Medium_Special_Anim_Skeletons_Awaken_Floor_Long.uasset" 851
"C:/Users/moehnj/Downloads/InteractionForGameDesignFinal/ResearchProject/Content/BossFight/Boss/Rig_Medium/Rig_Medium_Special_Anim_Skeletons_Awaken_Floor_Long.uexp" 852
"C:/Users/moehnj/Downloads/InteractionForGameDesignFinal/ResearchProject/Content/BossFight/Boss/Rig_Medium/Rig_Medium_Special_Anim_Skeletons_Inactive_Floor_Pose.uasset" 853
"C:/Users/moehnj/Downloads/InteractionForGameDesignFinal/ResearchProject/Content/BossFight/Boss/Rig_Medium/Rig_Medium_Special_Anim_Skeletons_Inactive_Floor_Pose.uexp" 854
"C:/Users/moehnj/Downloads/InteractionForGameDesignFinal/ResearchProject/Content/BossFight/Boss/Rig_Medium/Rig_Medium_MovementBasic_Anim_Jump_Idle.uasset" 855
"C:/Users/moehnj/Downloads/InteractionForGameDesignFinal/ResearchProject/Content/BossFight/Boss/Rig_Medium/Rig_Medium_MovementBasic_Anim_Jump_Idle.uexp" 856
"C:/Users/moehnj/Downloads/InteractionForGameDesignFinal/ResearchProject/Content/BossFight/Boss/Rig_Medium/Rig_Medium_General_Anim_Death_B_Pose.uasset" 857
"C:/Users/moehnj/Downloads/InteractionForGameDesignFinal/ResearchProject/Content/BossFight/Boss/Rig_Medium/Rig_Medium_General_Anim_Death_B_Pose.uexp" 858
"C:/Users/moehnj/Downloads/InteractionForGameDesignFinal/ResearchProject/Content/BossFight/Boss/Rig_Medium/Rig_Medium_General_Anim_Death_B.uasset" 859
"C:/Users/moehnj/Downloads/InteractionForGameDesignFinal/ResearchProject/Content/BossFight/Boss/Rig_Medium/Rig_Medium_General_Anim_Death_B.uexp" 860
"C:/Users/moehnj/Downloads/InteractionForGameDesignFinal/ResearchProject/Content/BossFight/ABP_Boss.uasset" 861
"C:/Users/moehnj/Downloads/InteractionForGameDesignFinal/ResearchProject/Content/BossFight/ABP_Boss.uexp" 862
"C:/Users/moehnj/Downloads/InteractionForGameDesignFinal/ResearchProject/Content/SoundEffects/Music/BossFightLoop.ubulk" 863
"C:/Users/moehnj/Downloads/InteractionForGameDesignFinal/ResearchProject/Content/SoundEffects/Music/BossFightLoop.uasset" 864
"C:/Users/moehnj/Downloads/InteractionForGameDesignFinal/ResearchProject/Content/SoundEffects/Music/BossFightLoop.uexp" 865
"C:/Users/moehnj/Downloads/InteractionForGameDesignFinal/ResearchProject/Content/UI/PickUps/WB_ThanksForPlaying.uasset" 866
"C:/Users/moehnj/Downloads/InteractionForGameDesignFinal/ResearchProject/Content/UI/PickUps/WB_ThanksForPlaying.uexp" 867
"C:/Users/moehnj/Downloads/InteractionForGameDesignFinal/ResearchProject/Content/BossFight/Boss/Skeleton_Warrior_PhysicsAsset.uasset" 868
"C:/Users/moehnj/Downloads/InteractionForGameDesignFinal/ResearchProject/Content/BossFight/Boss/Skeleton_Warrior_PhysicsAsset.uexp" 869
"C:/Users/moehnj/Downloads/InteractionForGameDesignFinal/ResearchProject/Content/BossFight/Boss/skeleton_texture.ubulk" 870
"C:/Users/moehnj/Downloads/InteractionForGameDesignFinal/ResearchProject/Content/BossFight/Boss/skeleton_texture.uasset" 871
"C:/Users/moehnj/Downloads/InteractionForGameDesignFinal/ResearchProject/Content/BossFight/Boss/skeleton_texture.uexp" 872
"C:/Users/moehnj/Downloads/InteractionForGameDesignFinal/ResearchProject/Content/BossFight/Boss/skeleton.uasset" 873
"C:/Users/moehnj/Downloads/InteractionForGameDesignFinal/ResearchProject/Content/BossFight/Boss/skeleton.uexp" 874
"C:/Users/moehnj/Downloads/InteractionForGameDesignFinal/ResearchProject/Content/BossFight/Boss/Glow.uasset" 875
"C:/Users/moehnj/Downloads/InteractionForGameDesignFinal/ResearchProject/Content/BossFight/Boss/Glow.uexp" 876
"C:/Users/moehnj/Downloads/InteractionForGameDesignFinal/ResearchProject/Content/BossFight/Boss/Skeleton_Warrior.uasset" 877
"C:/Users/moehnj/Downloads/InteractionForGameDesignFinal/ResearchProject/Content/BossFight/Boss/Skeleton_Warrior.uexp" 878
"C:/Users/moehnj/Downloads/InteractionForGameDesignFinal/ResearchProject/Content/Characters/Skeletons/Weapons/skeleton_texture.ubulk" 879
"C:/Users/moehnj/Downloads/InteractionForGameDesignFinal/ResearchProject/Content/Characters/Skeletons/Weapons/skeleton_texture.uasset" 880
"C:/Users/moehnj/Downloads/InteractionForGameDesignFinal/ResearchProject/Content/Characters/Skeletons/Weapons/skeleton_texture.uexp" 881
"C:/Users/moehnj/Downloads/InteractionForGameDesignFinal/ResearchProject/Content/Characters/Skeletons/Weapons/skeleton.uasset" 882
"C:/Users/moehnj/Downloads/InteractionForGameDesignFinal/ResearchProject/Content/Characters/Skeletons/Weapons/skeleton.uexp" 883
"C:/Users/moehnj/Downloads/InteractionForGameDesignFinal/ResearchProject/Content/Characters/Skeletons/Weapons/Skeleton_Staff.ubulk" 884
"C:/Users/moehnj/Downloads/InteractionForGameDesignFinal/ResearchProject/Content/Characters/Skeletons/Weapons/Skeleton_Staff.uasset" 885
"C:/Users/moehnj/Downloads/InteractionForGameDesignFinal/ResearchProject/Content/Characters/Skeletons/Weapons/Skeleton_Staff.uexp" 886
"C:/Users/moehnj/Downloads/InteractionForGameDesignFinal/ResearchProject/Content/Characters/Skeletons/Weapons/Skeleton_Blade.ubulk" 887
"C:/Users/moehnj/Downloads/InteractionForGameDesignFinal/ResearchProject/Content/Characters/Skeletons/Weapons/Skeleton_Blade.uasset" 888
"C:/Users/moehnj/Downloads/InteractionForGameDesignFinal/ResearchProject/Content/Characters/Skeletons/Weapons/Skeleton_Blade.uexp" 889
"C:/Users/moehnj/Downloads/InteractionForGameDesignFinal/ResearchProject/Content/BossFight/BP_BossAi.uasset" 890
"C:/Users/moehnj/Downloads/InteractionForGameDesignFinal/ResearchProject/Content/BossFight/BP_BossAi.uexp" 891
"C:/Users/moehnj/Downloads/InteractionForGameDesignFinal/ResearchProject/Content/BossFight/BP_BossTrigger.uasset" 892
"C:/Users/moehnj/Downloads/InteractionForGameDesignFinal/ResearchProject/Content/BossFight/BP_BossTrigger.uexp" 893
"../../../Engine/Plugins/VirtualProduction/CameraCalibrationCore/Content/Materials/M_DefaultOddSquare.uasset" 894
"../../../Engine/Plugins/VirtualProduction/CameraCalibrationCore/Content/Materials/M_DefaultOddSquare.uexp" 895
"../../../Engine/Plugins/VirtualProduction/CameraCalibrationCore/Content/Materials/M_DefaultEvenSquare.uasset" 896
"../../../Engine/Plugins/VirtualProduction/CameraCalibrationCore/Content/Materials/M_DefaultEvenSquare.uexp" 897
"../../../Engine/Plugins/Runtime/HairStrands/Content/Materials/HairMeshesDefaultMaterial.uasset" 898
"../../../Engine/Plugins/Runtime/HairStrands/Content/Materials/HairMeshesDefaultMaterial.uexp" 899
"../../../Engine/Plugins/Runtime/HairStrands/Content/Materials/HairDefaultMaterial.uasset" 900
"../../../Engine/Plugins/Runtime/HairStrands/Content/Materials/HairDefaultMaterial.uexp" 901
"../../../Engine/Content/Functions/Engine_MaterialFunctions02/Utility/MakeFloat2.uasset" 902
"../../../Engine/Content/Functions/Engine_MaterialFunctions02/Utility/MakeFloat2.uexp" 903
"../../../Engine/Content/EngineMaterials/HairDebugColor.uasset" 904
"../../../Engine/Content/EngineMaterials/HairDebugColor.uexp" 905
"../../../Engine/Content/EngineMaterials/HairColorMap.uasset" 906
"../../../Engine/Content/EngineMaterials/HairColorMap.uexp" 907
"../../../Engine/Plugins/Runtime/HairStrands/Content/Materials/HairGroupColors.uasset" 908
"../../../Engine/Plugins/Runtime/HairStrands/Content/Materials/HairGroupColors.uexp" 909
"../../../Engine/Plugins/Runtime/HairStrands/Content/Materials/HairDebugMaterial.uasset" 910
"../../../Engine/Plugins/Runtime/HairStrands/Content/Materials/HairDebugMaterial.uexp" 911
"../../../Engine/Plugins/Runtime/HairStrands/Content/Materials/HairCardsDefaultMaterial.uasset" 912
"../../../Engine/Plugins/Runtime/HairStrands/Content/Materials/HairCardsDefaultMaterial.uexp" 913
"../../../Engine/Content/EditorMaterials/ParticleSystems/PSysThumbnail_OOD.ubulk" 914
"../../../Engine/Content/EditorMaterials/ParticleSystems/PSysThumbnail_OOD.uasset" 915
"../../../Engine/Content/EditorMaterials/ParticleSystems/PSysThumbnail_OOD.uexp" 916
"../../../Engine/Content/EditorMaterials/ParticleSystems/PSysThumbnail_NoImage.ubulk" 917
"../../../Engine/Content/EditorMaterials/ParticleSystems/PSysThumbnail_NoImage.uasset" 918
"../../../Engine/Content/EditorMaterials/ParticleSystems/PSysThumbnail_NoImage.uexp" 919
"../../../Engine/Content/EditorMaterials/Dataflow/DataflowVertexMaterial.uasset" 920
"../../../Engine/Content/EditorMaterials/Dataflow/DataflowVertexMaterial.uexp" 921
"../../../Engine/Content/EditorMaterials/Dataflow/DataflowTwoSidedVertexMaterial.uasset" 922
"../../../Engine/Content/EditorMaterials/Dataflow/DataflowTwoSidedVertexMaterial.uexp" 923
"../../../Engine/Content/EngineResources/FilmGrains/Marcie_Grain_v3_128_M2_000.uasset" 924
"../../../Engine/Content/EngineResources/FilmGrains/Marcie_Grain_v3_128_M2_000.uexp" 925
"../../../Engine/Content/EngineResources/Development/ZenLogo_64.uasset" 926
"../../../Engine/Content/EngineResources/Development/ZenLogo_64.uexp" 927
"../../../Engine/Content/EngineMaterials/LTC/Sheen_LTC.uasset" 928
"../../../Engine/Content/EngineMaterials/LTC/Sheen_LTC.uexp" 929
"../../../Engine/Content/EngineMaterials/LTC/GGX_LTCMat.uasset" 930
"../../../Engine/Content/EngineMaterials/LTC/GGX_LTCMat.uexp" 931
"../../../Engine/Content/EngineMaterials/LTC/GGX_LTCAmp.uasset" 932
"../../../Engine/Content/EngineMaterials/LTC/GGX_LTCAmp.uexp" 933
"../../../Engine/Content/EngineMaterials/EnergyConservation/Sheen_Energy.uasset" 934
"../../../Engine/Content/EngineMaterials/EnergyConservation/Sheen_Energy.uexp" 935
"../../../Engine/Content/EngineMaterials/EnergyConservation/SheenLegacy_Energy.uasset" 936
"../../../Engine/Content/EngineMaterials/EnergyConservation/SheenLegacy_Energy.uexp" 937
"../../../Engine/Content/EngineMaterials/EnergyConservation/GGX_TransmissionEnergyArray.uasset" 938
"../../../Engine/Content/EngineMaterials/EnergyConservation/GGX_TransmissionEnergyArray.uexp" 939
"../../../Engine/Content/EngineMaterials/EnergyConservation/GGX_ReflectionEnergy.uasset" 940
"../../../Engine/Content/EngineMaterials/EnergyConservation/GGX_ReflectionEnergy.uexp" 941
"../../../Engine/Content/EngineMaterials/EnergyConservation/Diffuse_Energy.uasset" 942
"../../../Engine/Content/EngineMaterials/EnergyConservation/Diffuse_Energy.uexp" 943
"../../../Engine/Content/EditorResources/SequenceRecorder/RecordingIndicator.uasset" 944
"../../../Engine/Content/EditorResources/SequenceRecorder/RecordingIndicator.uexp" 945
"../../../Engine/Content/EditorResources/SequenceRecorder/Countdown.uasset" 946
"../../../Engine/Content/EditorResources/SequenceRecorder/Countdown.uexp" 947
"C:/Users/moehnj/Downloads/InteractionForGameDesignFinal/ResearchProject/Content/SoundEffects/Music/Castle_Siege_Boss_Theme_Favorite_1-Trimmed_by_FlexClip__2_.ubulk" 948
"C:/Users/moehnj/Downloads/InteractionForGameDesignFinal/ResearchProject/Content/SoundEffects/Music/Castle_Siege_Boss_Theme_Favorite_1-Trimmed_by_FlexClip__2_.uasset" 949
"C:/Users/moehnj/Downloads/InteractionForGameDesignFinal/ResearchProject/Content/SoundEffects/Music/Castle_Siege_Boss_Theme_Favorite_1-Trimmed_by_FlexClip__2_.uexp" 950
"C:/Users/moehnj/Downloads/InteractionForGameDesignFinal/ResearchProject/Content/SoundEffects/Music/Castle_Siege_Boss_Theme_Favorite_1-Trimmed_by_FlexClip.ubulk" 951
"C:/Users/moehnj/Downloads/InteractionForGameDesignFinal/ResearchProject/Content/SoundEffects/Music/Castle_Siege_Boss_Theme_Favorite_1-Trimmed_by_FlexClip.uasset" 952
"C:/Users/moehnj/Downloads/InteractionForGameDesignFinal/ResearchProject/Content/SoundEffects/Music/Castle_Siege_Boss_Theme_Favorite_1-Trimmed_by_FlexClip.uexp" 953
"C:/Users/moehnj/Downloads/InteractionForGameDesignFinal/ResearchProject/Content/DungeonAssets/dungeon_texture.ubulk" 954
"C:/Users/moehnj/Downloads/InteractionForGameDesignFinal/ResearchProject/Content/DungeonAssets/dungeon_texture.uasset" 955
"C:/Users/moehnj/Downloads/InteractionForGameDesignFinal/ResearchProject/Content/DungeonAssets/dungeon_texture.uexp" 956
"C:/Users/moehnj/Downloads/InteractionForGameDesignFinal/ResearchProject/Content/DungeonAssets/texture.uasset" 957
"C:/Users/moehnj/Downloads/InteractionForGameDesignFinal/ResearchProject/Content/DungeonAssets/texture.uexp" 958
"C:/Users/moehnj/Downloads/InteractionForGameDesignFinal/ResearchProject/Content/DungeonAssets/Assets/wall_broken.ubulk" 959
"C:/Users/moehnj/Downloads/InteractionForGameDesignFinal/ResearchProject/Content/DungeonAssets/Assets/wall_broken.uasset" 960
"C:/Users/moehnj/Downloads/InteractionForGameDesignFinal/ResearchProject/Content/DungeonAssets/Assets/wall_broken.uexp" 961
"C:/Users/moehnj/Downloads/InteractionForGameDesignFinal/ResearchProject/Content/Blueprints/Light/BP_HoleInWall.uasset" 962
"C:/Users/moehnj/Downloads/InteractionForGameDesignFinal/ResearchProject/Content/Blueprints/Light/BP_HoleInWall.uexp" 963
"C:/Users/moehnj/Downloads/InteractionForGameDesignFinal/ResearchProject/Content/Blueprints/Light/BP_Crystal_Teal_Placeholder.uasset" 964
"C:/Users/moehnj/Downloads/InteractionForGameDesignFinal/ResearchProject/Content/Blueprints/Light/BP_Crystal_Teal_Placeholder.uexp" 965
"C:/Users/moehnj/Downloads/InteractionForGameDesignFinal/ResearchProject/Content/Blueprints/Light/BP_Crystal_Green_Placeholder.uasset" 966
"C:/Users/moehnj/Downloads/InteractionForGameDesignFinal/ResearchProject/Content/Blueprints/Light/BP_Crystal_Green_Placeholder.uexp" 967
"C:/Users/moehnj/Downloads/InteractionForGameDesignFinal/ResearchProject/Content/Blueprints/Light/BP_Crystal_Blue_Placeholder.uasset" 968
"C:/Users/moehnj/Downloads/InteractionForGameDesignFinal/ResearchProject/Content/Blueprints/Light/BP_Crystal_Blue_Placeholder.uexp" 969
"C:/Users/moehnj/Downloads/InteractionForGameDesignFinal/ResearchProject/Content/DungeonAssets/Assets/floor_tile_grate_open.ubulk" 970
"C:/Users/moehnj/Downloads/InteractionForGameDesignFinal/ResearchProject/Content/DungeonAssets/Assets/floor_tile_grate_open.uasset" 971
"C:/Users/moehnj/Downloads/InteractionForGameDesignFinal/ResearchProject/Content/DungeonAssets/Assets/floor_tile_grate_open.uexp" 972
"../../../Engine/Content/BasicShapes/Cube.ubulk" 973
"../../../Engine/Content/BasicShapes/Cube.uasset" 974
"../../../Engine/Content/BasicShapes/Cube.uexp" 975
"C:/Users/moehnj/Downloads/InteractionForGameDesignFinal/ResearchProject/Content/Blueprints/EvnirementalBlueprints/BP_SlideBlock.uasset" 976
"C:/Users/moehnj/Downloads/InteractionForGameDesignFinal/ResearchProject/Content/Blueprints/EvnirementalBlueprints/BP_SlideBlock.uexp" 977
"C:/Users/moehnj/Downloads/InteractionForGameDesignFinal/ResearchProject/Content/Blueprints/EvnirementalBlueprints/BP_TrapFloor.uasset" 978
"C:/Users/moehnj/Downloads/InteractionForGameDesignFinal/ResearchProject/Content/Blueprints/EvnirementalBlueprints/BP_TrapFloor.uexp" 979
"C:/Users/moehnj/Downloads/InteractionForGameDesignFinal/ResearchProject/Content/SoundEffects/metal_clang.ubulk" 980
"C:/Users/moehnj/Downloads/InteractionForGameDesignFinal/ResearchProject/Content/SoundEffects/metal_clang.uasset" 981
"C:/Users/moehnj/Downloads/InteractionForGameDesignFinal/ResearchProject/Content/SoundEffects/metal_clang.uexp" 982
"C:/Users/moehnj/Downloads/InteractionForGameDesignFinal/ResearchProject/Content/SoundEffects/glass_ping_big.ubulk" 983
"C:/Users/moehnj/Downloads/InteractionForGameDesignFinal/ResearchProject/Content/SoundEffects/glass_ping_big.uasset" 984
"C:/Users/moehnj/Downloads/InteractionForGameDesignFinal/ResearchProject/Content/SoundEffects/glass_ping_big.uexp" 985
"C:/Users/moehnj/Downloads/InteractionForGameDesignFinal/ResearchProject/Content/Blueprints/EvnirementalBlueprints/BP_TemporaryPlatforms.uasset" 986
"C:/Users/moehnj/Downloads/InteractionForGameDesignFinal/ResearchProject/Content/Blueprints/EvnirementalBlueprints/BP_TemporaryPlatforms.uexp" 987
"../../../Engine/Content/BasicShapes/BasicShapeMaterial.uasset" 988
"../../../Engine/Content/BasicShapes/BasicShapeMaterial.uexp" 989
"C:/Users/moehnj/Downloads/InteractionForGameDesignFinal/ResearchProject/Content/Blueprints/EvnirementalBlueprints/BP_StopAi.uasset" 990
"C:/Users/moehnj/Downloads/InteractionForGameDesignFinal/ResearchProject/Content/Blueprints/EvnirementalBlueprints/BP_StopAi.uexp" 991
"C:/Users/moehnj/Downloads/InteractionForGameDesignFinal/ResearchProject/Content/Blueprints/EvnirementalBlueprints/BP_SlideJumpWall.uasset" 992
"C:/Users/moehnj/Downloads/InteractionForGameDesignFinal/ResearchProject/Content/Blueprints/EvnirementalBlueprints/BP_SlideJumpWall.uexp" 993
"C:/Users/moehnj/Downloads/InteractionForGameDesignFinal/ResearchProject/Content/Blueprints/EvnirementalBlueprints/BP_SetSpawnLocation.uasset" 994
"C:/Users/moehnj/Downloads/InteractionForGameDesignFinal/ResearchProject/Content/Blueprints/EvnirementalBlueprints/BP_SetSpawnLocation.uexp" 995
"C:/Users/moehnj/Downloads/InteractionForGameDesignFinal/ResearchProject/Content/Blueprints/EvnirementalBlueprints/BP_OneDirectionAI.uasset" 996
"C:/Users/moehnj/Downloads/InteractionForGameDesignFinal/ResearchProject/Content/Blueprints/EvnirementalBlueprints/BP_OneDirectionAI.uexp" 997
"C:/Users/moehnj/Downloads/InteractionForGameDesignFinal/ResearchProject/Content/UI/PickUps/WB_HealthUpgradePopup1.uasset" 998
"C:/Users/moehnj/Downloads/InteractionForGameDesignFinal/ResearchProject/Content/UI/PickUps/WB_HealthUpgradePopup1.uexp" 999
"C:/Users/moehnj/Downloads/InteractionForGameDesignFinal/ResearchProject/Content/Blueprints/EvnirementalBlueprints/BP_LorePopup.uasset" 1000
"C:/Users/moehnj/Downloads/InteractionForGameDesignFinal/ResearchProject/Content/Blueprints/EvnirementalBlueprints/BP_LorePopup.uexp" 1001
"C:/Users/moehnj/Downloads/InteractionForGameDesignFinal/ResearchProject/Content/Blueprints/EvnirementalBlueprints/BP_HealthUpgrade.uasset" 1002
"C:/Users/moehnj/Downloads/InteractionForGameDesignFinal/ResearchProject/Content/Blueprints/EvnirementalBlueprints/BP_HealthUpgrade.uexp" 1003
"C:/Users/moehnj/Downloads/InteractionForGameDesignFinal/ResearchProject/Content/UI/PickUps/WB_HealthPopup.uasset" 1004
"C:/Users/moehnj/Downloads/InteractionForGameDesignFinal/ResearchProject/Content/UI/PickUps/WB_HealthPopup.uexp" 1005
"C:/Users/moehnj/Downloads/InteractionForGameDesignFinal/ResearchProject/Content/Blueprints/EvnirementalBlueprints/BP_HealthPopUp.uasset" 1006
"C:/Users/moehnj/Downloads/InteractionForGameDesignFinal/ResearchProject/Content/Blueprints/EvnirementalBlueprints/BP_HealthPopUp.uexp" 1007
"C:/Users/moehnj/Downloads/InteractionForGameDesignFinal/ResearchProject/Content/Blueprints/EvnirementalBlueprints/BP_BossMusic.uasset" 1008
"C:/Users/moehnj/Downloads/InteractionForGameDesignFinal/ResearchProject/Content/Blueprints/EvnirementalBlueprints/BP_BossMusic.uexp" 1009
"C:/Users/moehnj/Downloads/InteractionForGameDesignFinal/ResearchProject/Content/Blueprints/EvnirementalBlueprints/BP_Gauntlet.uasset" 1010
"C:/Users/moehnj/Downloads/InteractionForGameDesignFinal/ResearchProject/Content/Blueprints/EvnirementalBlueprints/BP_Gauntlet.uexp" 1011
"C:/Users/moehnj/Downloads/InteractionForGameDesignFinal/ResearchProject/Content/UI/WB_BlackScreen.uasset" 1012
"C:/Users/moehnj/Downloads/InteractionForGameDesignFinal/ResearchProject/Content/UI/WB_BlackScreen.uexp" 1013
"C:/Users/moehnj/Downloads/InteractionForGameDesignFinal/ResearchProject/Content/Blueprints/EvnirementalBlueprints/BP_FallDown.uasset" 1014
"C:/Users/moehnj/Downloads/InteractionForGameDesignFinal/ResearchProject/Content/Blueprints/EvnirementalBlueprints/BP_FallDown.uexp" 1015
"C:/Users/moehnj/Downloads/InteractionForGameDesignFinal/ResearchProject/Content/Blueprints/EvnirementalBlueprints/BP_EnvirmentalDamageHitBox.uasset" 1016
"C:/Users/moehnj/Downloads/InteractionForGameDesignFinal/ResearchProject/Content/Blueprints/EvnirementalBlueprints/BP_EnvirmentalDamageHitBox.uexp" 1017
"C:/Users/moehnj/Downloads/InteractionForGameDesignFinal/ResearchProject/Content/Blueprints/EvnirementalBlueprints/BP_EnemyBoundry.uasset" 1018
"C:/Users/moehnj/Downloads/InteractionForGameDesignFinal/ResearchProject/Content/Blueprints/EvnirementalBlueprints/BP_EnemyBoundry.uexp" 1019
"C:/Users/moehnj/Downloads/InteractionForGameDesignFinal/ResearchProject/Content/Blueprints/EvnirementalBlueprints/BP_DungeonMusic.uasset" 1020
"C:/Users/moehnj/Downloads/InteractionForGameDesignFinal/ResearchProject/Content/Blueprints/EvnirementalBlueprints/BP_DungeonMusic.uexp" 1021
"C:/Users/moehnj/Downloads/InteractionForGameDesignFinal/ResearchProject/Content/Blueprints/Interfaces/BPI_IOpenDoors.uasset" 1022
"C:/Users/moehnj/Downloads/InteractionForGameDesignFinal/ResearchProject/Content/Blueprints/Interfaces/BPI_IOpenDoors.uexp" 1023
"C:/Users/moehnj/Downloads/InteractionForGameDesignFinal/ResearchProject/Content/Blueprints/EvnirementalBlueprints/E_CrystalSaveDataLocation.uasset" 1024
"C:/Users/moehnj/Downloads/InteractionForGameDesignFinal/ResearchProject/Content/Blueprints/EvnirementalBlueprints/E_CrystalSaveDataLocation.uexp" 1025
"C:/Users/moehnj/Downloads/InteractionForGameDesignFinal/ResearchProject/Content/Blueprints/EvnirementalBlueprints/BP_DestoryDoors.uasset" 1026
"C:/Users/moehnj/Downloads/InteractionForGameDesignFinal/ResearchProject/Content/Blueprints/EvnirementalBlueprints/BP_DestoryDoors.uexp" 1027
"C:/Users/moehnj/Downloads/InteractionForGameDesignFinal/ResearchProject/Content/SoundEffects/PickupSound.ubulk" 1028
"C:/Users/moehnj/Downloads/InteractionForGameDesignFinal/ResearchProject/Content/SoundEffects/PickupSound.uasset" 1029
"C:/Users/moehnj/Downloads/InteractionForGameDesignFinal/ResearchProject/Content/SoundEffects/PickupSound.uexp" 1030
"C:/Users/moehnj/Downloads/InteractionForGameDesignFinal/ResearchProject/Content/UI/PickUps/WB_WallJumpPickUp.uasset" 1031
"C:/Users/moehnj/Downloads/InteractionForGameDesignFinal/ResearchProject/Content/UI/PickUps/WB_WallJumpPickUp.uexp" 1032
"C:/Users/moehnj/Downloads/InteractionForGameDesignFinal/ResearchProject/Content/UI/PickUps/WB_SlidePickUp.uasset" 1033
"C:/Users/moehnj/Downloads/InteractionForGameDesignFinal/ResearchProject/Content/UI/PickUps/WB_SlidePickUp.uexp" 1034
"C:/Users/moehnj/Downloads/InteractionForGameDesignFinal/ResearchProject/Content/UI/PickUps/WB_SlideJumpPickUp.uasset" 1035
"C:/Users/moehnj/Downloads/InteractionForGameDesignFinal/ResearchProject/Content/UI/PickUps/WB_SlideJumpPickUp.uexp" 1036
"C:/Users/moehnj/Downloads/InteractionForGameDesignFinal/ResearchProject/Content/UI/PickUps/WB_AirDashPickUp.uasset" 1037
"C:/Users/moehnj/Downloads/InteractionForGameDesignFinal/ResearchProject/Content/UI/PickUps/WB_AirDashPickUp.uexp" 1038
"C:/Users/moehnj/Downloads/InteractionForGameDesignFinal/ResearchProject/Content/DungeonAssets/Assets/barrel_large_decorated.ubulk" 1039
"C:/Users/moehnj/Downloads/InteractionForGameDesignFinal/ResearchProject/Content/DungeonAssets/Assets/barrel_large_decorated.uasset" 1040
"C:/Users/moehnj/Downloads/InteractionForGameDesignFinal/ResearchProject/Content/DungeonAssets/Assets/barrel_large_decorated.uexp" 1041
"C:/Users/moehnj/Downloads/InteractionForGameDesignFinal/ResearchProject/Content/DungeonAssets/3d_Models/texture_Misc/texture_scroll.ubulk" 1042
"C:/Users/moehnj/Downloads/InteractionForGameDesignFinal/ResearchProject/Content/DungeonAssets/3d_Models/texture_Misc/texture_scroll.uasset" 1043
"C:/Users/moehnj/Downloads/InteractionForGameDesignFinal/ResearchProject/Content/DungeonAssets/3d_Models/texture_Misc/texture_scroll.uexp" 1044
"C:/Users/moehnj/Downloads/InteractionForGameDesignFinal/ResearchProject/Content/DungeonAssets/3d_Models/Materials/Material_scroll.uasset" 1045
"C:/Users/moehnj/Downloads/InteractionForGameDesignFinal/ResearchProject/Content/DungeonAssets/3d_Models/Materials/Material_scroll.uexp" 1046
"C:/Users/moehnj/Downloads/InteractionForGameDesignFinal/ResearchProject/Content/DungeonAssets/3d_Models/Scroll_model.ubulk" 1047
"C:/Users/moehnj/Downloads/InteractionForGameDesignFinal/ResearchProject/Content/DungeonAssets/3d_Models/Scroll_model.uasset" 1048
"C:/Users/moehnj/Downloads/InteractionForGameDesignFinal/ResearchProject/Content/DungeonAssets/3d_Models/Scroll_model.uexp" 1049
"C:/Users/moehnj/Downloads/InteractionForGameDesignFinal/ResearchProject/Content/Blueprints/Enums/E_Abilities.uasset" 1050
"C:/Users/moehnj/Downloads/InteractionForGameDesignFinal/ResearchProject/Content/Blueprints/Enums/E_Abilities.uexp" 1051
"C:/Users/moehnj/Downloads/InteractionForGameDesignFinal/ResearchProject/Content/Blueprints/EvnirementalBlueprints/BP_AbilityPickUp.uasset" 1052
"C:/Users/moehnj/Downloads/InteractionForGameDesignFinal/ResearchProject/Content/Blueprints/EvnirementalBlueprints/BP_AbilityPickUp.uexp" 1053
"C:/Users/moehnj/Downloads/InteractionForGameDesignFinal/ResearchProject/Content/DungeonAssets/3d_Models/texture_Misc/Torch_Texture.ubulk" 1054
"C:/Users/moehnj/Downloads/InteractionForGameDesignFinal/ResearchProject/Content/DungeonAssets/3d_Models/texture_Misc/Torch_Texture.uasset" 1055
"C:/Users/moehnj/Downloads/InteractionForGameDesignFinal/ResearchProject/Content/DungeonAssets/3d_Models/texture_Misc/Torch_Texture.uexp" 1056
"../../../Engine/Content/Functions/Engine_MaterialFunctions01/Shading/PowerToRoughness.uasset" 1057
"../../../Engine/Content/Functions/Engine_MaterialFunctions01/Shading/PowerToRoughness.uexp" 1058
"../../../Engine/Content/Functions/Engine_MaterialFunctions01/Shading/ConvertFromDiffSpec.uasset" 1059
"../../../Engine/Content/Functions/Engine_MaterialFunctions01/Shading/ConvertFromDiffSpec.uexp" 1060
"C:/Users/moehnj/Downloads/InteractionForGameDesignFinal/ResearchProject/Content/DungeonAssets/Revised/Mats/dungeon_texture.ubulk" 1061
"C:/Users/moehnj/Downloads/InteractionForGameDesignFinal/ResearchProject/Content/DungeonAssets/Revised/Mats/dungeon_texture.uasset" 1062
"C:/Users/moehnj/Downloads/InteractionForGameDesignFinal/ResearchProject/Content/DungeonAssets/Revised/Mats/dungeon_texture.uexp" 1063
"C:/Users/moehnj/Downloads/InteractionForGameDesignFinal/ResearchProject/Content/DungeonAssets/Revised/Mats/texture_013.uasset" 1064
"C:/Users/moehnj/Downloads/InteractionForGameDesignFinal/ResearchProject/Content/DungeonAssets/Revised/Mats/texture_013.uexp" 1065
"C:/Users/moehnj/Downloads/InteractionForGameDesignFinal/ResearchProject/Content/DungeonAssets/Revised/Wall_Cracked.ubulk" 1066
"C:/Users/moehnj/Downloads/InteractionForGameDesignFinal/ResearchProject/Content/DungeonAssets/Revised/Wall_Cracked.uasset" 1067
"C:/Users/moehnj/Downloads/InteractionForGameDesignFinal/ResearchProject/Content/DungeonAssets/Revised/Wall_Cracked.uexp" 1068
"C:/Users/moehnj/Downloads/InteractionForGameDesignFinal/ResearchProject/Content/DungeonAssets/Revised/Mats/texture.uasset" 1069
"C:/Users/moehnj/Downloads/InteractionForGameDesignFinal/ResearchProject/Content/DungeonAssets/Revised/Mats/texture.uexp" 1070
"C:/Users/moehnj/Downloads/InteractionForGameDesignFinal/ResearchProject/Content/DungeonAssets/Revised/Wall.ubulk" 1071
"C:/Users/moehnj/Downloads/InteractionForGameDesignFinal/ResearchProject/Content/DungeonAssets/Revised/Wall.uasset" 1072
"C:/Users/moehnj/Downloads/InteractionForGameDesignFinal/ResearchProject/Content/DungeonAssets/Revised/Wall.uexp" 1073
"C:/Users/moehnj/Downloads/InteractionForGameDesignFinal/ResearchProject/Content/DungeonAssets/Assets/wall_window_open_scaffold.ubulk" 1074
"C:/Users/moehnj/Downloads/InteractionForGameDesignFinal/ResearchProject/Content/DungeonAssets/Assets/wall_window_open_scaffold.uasset" 1075
"C:/Users/moehnj/Downloads/InteractionForGameDesignFinal/ResearchProject/Content/DungeonAssets/Assets/wall_window_open_scaffold.uexp" 1076
"C:/Users/moehnj/Downloads/InteractionForGameDesignFinal/ResearchProject/Content/DungeonAssets/Assets/wall_window_closed.ubulk" 1077
"C:/Users/moehnj/Downloads/InteractionForGameDesignFinal/ResearchProject/Content/DungeonAssets/Assets/wall_window_closed.uasset" 1078
"C:/Users/moehnj/Downloads/InteractionForGameDesignFinal/ResearchProject/Content/DungeonAssets/Assets/wall_window_closed.uexp" 1079
"C:/Users/moehnj/Downloads/InteractionForGameDesignFinal/ResearchProject/Content/DungeonAssets/Assets/wall_shelves.ubulk" 1080
"C:/Users/moehnj/Downloads/InteractionForGameDesignFinal/ResearchProject/Content/DungeonAssets/Assets/wall_shelves.uasset" 1081
"C:/Users/moehnj/Downloads/InteractionForGameDesignFinal/ResearchProject/Content/DungeonAssets/Assets/wall_shelves.uexp" 1082
"C:/Users/moehnj/Downloads/InteractionForGameDesignFinal/ResearchProject/Content/DungeonAssets/Assets/wall_half_endcap_sloped.ubulk" 1083
"C:/Users/moehnj/Downloads/InteractionForGameDesignFinal/ResearchProject/Content/DungeonAssets/Assets/wall_half_endcap_sloped.uasset" 1084
"C:/Users/moehnj/Downloads/InteractionForGameDesignFinal/ResearchProject/Content/DungeonAssets/Assets/wall_half_endcap_sloped.uexp" 1085
"C:/Users/moehnj/Downloads/InteractionForGameDesignFinal/ResearchProject/Content/DungeonAssets/Assets/wall_endcap.ubulk" 1086
"C:/Users/moehnj/Downloads/InteractionForGameDesignFinal/ResearchProject/Content/DungeonAssets/Assets/wall_endcap.uasset" 1087
"C:/Users/moehnj/Downloads/InteractionForGameDesignFinal/ResearchProject/Content/DungeonAssets/Assets/wall_endcap.uexp" 1088
"C:/Users/moehnj/Downloads/InteractionForGameDesignFinal/ResearchProject/Content/DungeonAssets/Assets/pillar.ubulk" 1089
"C:/Users/moehnj/Downloads/InteractionForGameDesignFinal/ResearchProject/Content/DungeonAssets/Assets/pillar.uasset" 1090
"C:/Users/moehnj/Downloads/InteractionForGameDesignFinal/ResearchProject/Content/DungeonAssets/Assets/pillar.uexp" 1091
"C:/Users/moehnj/Downloads/InteractionForGameDesignFinal/ResearchProject/Content/DungeonAssets/Assets/floor_wood_large_dark.ubulk" 1092
"C:/Users/moehnj/Downloads/InteractionForGameDesignFinal/ResearchProject/Content/DungeonAssets/Assets/floor_wood_large_dark.uasset" 1093
"C:/Users/moehnj/Downloads/InteractionForGameDesignFinal/ResearchProject/Content/DungeonAssets/Assets/floor_wood_large_dark.uexp" 1094
"C:/Users/moehnj/Downloads/InteractionForGameDesignFinal/ResearchProject/Content/DungeonAssets/Assets/floor_wood_large.ubulk" 1095
"C:/Users/moehnj/Downloads/InteractionForGameDesignFinal/ResearchProject/Content/DungeonAssets/Assets/floor_wood_large.uasset" 1096
"C:/Users/moehnj/Downloads/InteractionForGameDesignFinal/ResearchProject/Content/DungeonAssets/Assets/floor_wood_large.uexp" 1097
"C:/Users/moehnj/Downloads/InteractionForGameDesignFinal/ResearchProject/Content/DungeonAssets/Assets/floor_tile_large.ubulk" 1098
"C:/Users/moehnj/Downloads/InteractionForGameDesignFinal/ResearchProject/Content/DungeonAssets/Assets/floor_tile_large.uasset" 1099
"C:/Users/moehnj/Downloads/InteractionForGameDesignFinal/ResearchProject/Content/DungeonAssets/Assets/floor_tile_large.uexp" 1100
"C:/Users/moehnj/Downloads/InteractionForGameDesignFinal/ResearchProject/Content/DungeonAssets/Assets/floor_foundation_front_and_sides.ubulk" 1101
"C:/Users/moehnj/Downloads/InteractionForGameDesignFinal/ResearchProject/Content/DungeonAssets/Assets/floor_foundation_front_and_sides.uasset" 1102
"C:/Users/moehnj/Downloads/InteractionForGameDesignFinal/ResearchProject/Content/DungeonAssets/Assets/floor_foundation_front_and_sides.uexp" 1103
"C:/Users/moehnj/Downloads/InteractionForGameDesignFinal/ResearchProject/Content/DungeonAssets/Assets/floor_foundation_front.ubulk" 1104
"C:/Users/moehnj/Downloads/InteractionForGameDesignFinal/ResearchProject/Content/DungeonAssets/Assets/floor_foundation_front.uasset" 1105
"C:/Users/moehnj/Downloads/InteractionForGameDesignFinal/ResearchProject/Content/DungeonAssets/Assets/floor_foundation_front.uexp" 1106
"C:/Users/moehnj/Downloads/InteractionForGameDesignFinal/ResearchProject/Content/DungeonAssets/Assets/floor_foundation_corner.ubulk" 1107
"C:/Users/moehnj/Downloads/InteractionForGameDesignFinal/ResearchProject/Content/DungeonAssets/Assets/floor_foundation_corner.uasset" 1108
"C:/Users/moehnj/Downloads/InteractionForGameDesignFinal/ResearchProject/Content/DungeonAssets/Assets/floor_foundation_corner.uexp" 1109
"C:/Users/moehnj/Downloads/InteractionForGameDesignFinal/ResearchProject/Content/DungeonAssets/Assets/floor_dirt_small_weeds.ubulk" 1110
"C:/Users/moehnj/Downloads/InteractionForGameDesignFinal/ResearchProject/Content/DungeonAssets/Assets/floor_dirt_small_weeds.uasset" 1111
"C:/Users/moehnj/Downloads/InteractionForGameDesignFinal/ResearchProject/Content/DungeonAssets/Assets/floor_dirt_small_weeds.uexp" 1112
"C:/Users/moehnj/Downloads/InteractionForGameDesignFinal/ResearchProject/Content/DungeonAssets/Assets/floor_dirt_small_C.ubulk" 1113
"C:/Users/moehnj/Downloads/InteractionForGameDesignFinal/ResearchProject/Content/DungeonAssets/Assets/floor_dirt_small_C.uasset" 1114
"C:/Users/moehnj/Downloads/InteractionForGameDesignFinal/ResearchProject/Content/DungeonAssets/Assets/floor_dirt_small_C.uexp" 1115
"C:/Users/moehnj/Downloads/InteractionForGameDesignFinal/ResearchProject/Content/DungeonAssets/Assets/floor_dirt_small_B.ubulk" 1116
"C:/Users/moehnj/Downloads/InteractionForGameDesignFinal/ResearchProject/Content/DungeonAssets/Assets/floor_dirt_small_B.uasset" 1117
"C:/Users/moehnj/Downloads/InteractionForGameDesignFinal/ResearchProject/Content/DungeonAssets/Assets/floor_dirt_small_B.uexp" 1118
"C:/Users/moehnj/Downloads/InteractionForGameDesignFinal/ResearchProject/Content/DungeonAssets/Assets/floor_dirt_small_A.ubulk" 1119
"C:/Users/moehnj/Downloads/InteractionForGameDesignFinal/ResearchProject/Content/DungeonAssets/Assets/floor_dirt_small_A.uasset" 1120
"C:/Users/moehnj/Downloads/InteractionForGameDesignFinal/ResearchProject/Content/DungeonAssets/Assets/floor_dirt_small_A.uexp" 1121
"C:/Users/moehnj/Downloads/InteractionForGameDesignFinal/ResearchProject/Content/DungeonAssets/Assets/floor_dirt_large_rocky.ubulk" 1122
"C:/Users/moehnj/Downloads/InteractionForGameDesignFinal/ResearchProject/Content/DungeonAssets/Assets/floor_dirt_large_rocky.uasset" 1123
"C:/Users/moehnj/Downloads/InteractionForGameDesignFinal/ResearchProject/Content/DungeonAssets/Assets/floor_dirt_large_rocky.uexp" 1124
"C:/Users/moehnj/Downloads/InteractionForGameDesignFinal/ResearchProject/Content/DungeonAssets/Assets/floor_dirt_large.ubulk" 1125
"C:/Users/moehnj/Downloads/InteractionForGameDesignFinal/ResearchProject/Content/DungeonAssets/Assets/floor_dirt_large.uasset" 1126
"C:/Users/moehnj/Downloads/InteractionForGameDesignFinal/ResearchProject/Content/DungeonAssets/Assets/floor_dirt_large.uexp" 1127
"C:/Users/moehnj/Downloads/InteractionForGameDesignFinal/ResearchProject/Content/DungeonAssets/Assets/column.ubulk" 1128
"C:/Users/moehnj/Downloads/InteractionForGameDesignFinal/ResearchProject/Content/DungeonAssets/Assets/column.uasset" 1129
"C:/Users/moehnj/Downloads/InteractionForGameDesignFinal/ResearchProject/Content/DungeonAssets/Assets/column.uexp" 1130
"C:/Users/moehnj/Downloads/InteractionForGameDesignFinal/ResearchProject/Content/DungeonAssets/Assets/ceiling_tile.ubulk" 1131
"C:/Users/moehnj/Downloads/InteractionForGameDesignFinal/ResearchProject/Content/DungeonAssets/Assets/ceiling_tile.uasset" 1132
"C:/Users/moehnj/Downloads/InteractionForGameDesignFinal/ResearchProject/Content/DungeonAssets/Assets/ceiling_tile.uexp" 1133
"C:/Users/moehnj/Downloads/InteractionForGameDesignFinal/ResearchProject/Content/DungeonAssets/3d_Models/Wings_Model.ubulk" 1134
"C:/Users/moehnj/Downloads/InteractionForGameDesignFinal/ResearchProject/Content/DungeonAssets/3d_Models/Wings_Model.uasset" 1135
"C:/Users/moehnj/Downloads/InteractionForGameDesignFinal/ResearchProject/Content/DungeonAssets/3d_Models/Wings_Model.uexp" 1136
"C:/Users/moehnj/Downloads/InteractionForGameDesignFinal/ResearchProject/Content/DungeonAssets/3d_Models/texture_Misc/texture_Spikes.ubulk" 1137
"C:/Users/moehnj/Downloads/InteractionForGameDesignFinal/ResearchProject/Content/DungeonAssets/3d_Models/texture_Misc/texture_Spikes.uasset" 1138
"C:/Users/moehnj/Downloads/InteractionForGameDesignFinal/ResearchProject/Content/DungeonAssets/3d_Models/texture_Misc/texture_Spikes.uexp" 1139
"C:/Users/moehnj/Downloads/InteractionForGameDesignFinal/ResearchProject/Content/DungeonAssets/3d_Models/Materials/Material_Spikes.uasset" 1140
"C:/Users/moehnj/Downloads/InteractionForGameDesignFinal/ResearchProject/Content/DungeonAssets/3d_Models/Materials/Material_Spikes.uexp" 1141
"C:/Users/moehnj/Downloads/InteractionForGameDesignFinal/ResearchProject/Content/DungeonAssets/3d_Models/Spikes_texture.ubulk" 1142
"C:/Users/moehnj/Downloads/InteractionForGameDesignFinal/ResearchProject/Content/DungeonAssets/3d_Models/Spikes_texture.uasset" 1143
"C:/Users/moehnj/Downloads/InteractionForGameDesignFinal/ResearchProject/Content/DungeonAssets/3d_Models/Spikes_texture.uexp" 1144
"C:/Users/moehnj/Downloads/InteractionForGameDesignFinal/ResearchProject/Content/DungeonAssets/3d_Models/texture_Misc/texture_0.ubulk" 1145
"C:/Users/moehnj/Downloads/InteractionForGameDesignFinal/ResearchProject/Content/DungeonAssets/3d_Models/texture_Misc/texture_0.uasset" 1146
"C:/Users/moehnj/Downloads/InteractionForGameDesignFinal/ResearchProject/Content/DungeonAssets/3d_Models/texture_Misc/texture_0.uexp" 1147
"C:/Users/moehnj/Downloads/InteractionForGameDesignFinal/ResearchProject/Content/DungeonAssets/3d_Models/Materials/Shield_Mat.uasset" 1148
"C:/Users/moehnj/Downloads/InteractionForGameDesignFinal/ResearchProject/Content/DungeonAssets/3d_Models/Materials/Shield_Mat.uexp" 1149
"C:/Users/moehnj/Downloads/InteractionForGameDesignFinal/ResearchProject/Content/DungeonAssets/3d_Models/Shield_Model.ubulk" 1150
"C:/Users/moehnj/Downloads/InteractionForGameDesignFinal/ResearchProject/Content/DungeonAssets/3d_Models/Shield_Model.uasset" 1151
"C:/Users/moehnj/Downloads/InteractionForGameDesignFinal/ResearchProject/Content/DungeonAssets/3d_Models/Shield_Model.uexp" 1152
"C:/Users/moehnj/Downloads/InteractionForGameDesignFinal/ResearchProject/Content/DungeonAssets/3d_Models/texture_Misc/Pickaxe_Texture.ubulk" 1153
"C:/Users/moehnj/Downloads/InteractionForGameDesignFinal/ResearchProject/Content/DungeonAssets/3d_Models/texture_Misc/Pickaxe_Texture.uasset" 1154
"C:/Users/moehnj/Downloads/InteractionForGameDesignFinal/ResearchProject/Content/DungeonAssets/3d_Models/texture_Misc/Pickaxe_Texture.uexp" 1155
"C:/Users/moehnj/Downloads/InteractionForGameDesignFinal/ResearchProject/Content/DungeonAssets/3d_Models/Materials/Pickaxe_Mat.uasset" 1156
"C:/Users/moehnj/Downloads/InteractionForGameDesignFinal/ResearchProject/Content/DungeonAssets/3d_Models/Materials/Pickaxe_Mat.uexp" 1157
"C:/Users/moehnj/Downloads/InteractionForGameDesignFinal/ResearchProject/Content/DungeonAssets/3d_Models/Pickaxe_Model.ubulk" 1158
"C:/Users/moehnj/Downloads/InteractionForGameDesignFinal/ResearchProject/Content/DungeonAssets/3d_Models/Pickaxe_Model.uasset" 1159
"C:/Users/moehnj/Downloads/InteractionForGameDesignFinal/ResearchProject/Content/DungeonAssets/3d_Models/Pickaxe_Model.uexp" 1160
"C:/Users/moehnj/Downloads/InteractionForGameDesignFinal/ResearchProject/Content/DungeonAssets/3d_Models/texture_Misc/texture_cart.ubulk" 1161
"C:/Users/moehnj/Downloads/InteractionForGameDesignFinal/ResearchProject/Content/DungeonAssets/3d_Models/texture_Misc/texture_cart.uasset" 1162
"C:/Users/moehnj/Downloads/InteractionForGameDesignFinal/ResearchProject/Content/DungeonAssets/3d_Models/texture_Misc/texture_cart.uexp" 1163
"C:/Users/moehnj/Downloads/InteractionForGameDesignFinal/ResearchProject/Content/DungeonAssets/3d_Models/Materials/Material_cart.uasset" 1164
"C:/Users/moehnj/Downloads/InteractionForGameDesignFinal/ResearchProject/Content/DungeonAssets/3d_Models/Materials/Material_cart.uexp" 1165
"C:/Users/moehnj/Downloads/InteractionForGameDesignFinal/ResearchProject/Content/DungeonAssets/3d_Models/Minecart_model.ubulk" 1166
"C:/Users/moehnj/Downloads/InteractionForGameDesignFinal/ResearchProject/Content/DungeonAssets/3d_Models/Minecart_model.uasset" 1167
"C:/Users/moehnj/Downloads/InteractionForGameDesignFinal/ResearchProject/Content/DungeonAssets/3d_Models/Minecart_model.uexp" 1168
"C:/Users/moehnj/Downloads/InteractionForGameDesignFinal/ResearchProject/Content/DungeonAssets/3d_Models/Crystal_Spikes.ubulk" 1169
"C:/Users/moehnj/Downloads/InteractionForGameDesignFinal/ResearchProject/Content/DungeonAssets/3d_Models/Crystal_Spikes.uasset" 1170
"C:/Users/moehnj/Downloads/InteractionForGameDesignFinal/ResearchProject/Content/DungeonAssets/3d_Models/Crystal_Spikes.uexp" 1171
"C:/Users/moehnj/Downloads/InteractionForGameDesignFinal/ResearchProject/Content/DungeonAssets/3d_Models/crystal9.ubulk" 1172
"C:/Users/moehnj/Downloads/InteractionForGameDesignFinal/ResearchProject/Content/DungeonAssets/3d_Models/crystal9.uasset" 1173
"C:/Users/moehnj/Downloads/InteractionForGameDesignFinal/ResearchProject/Content/DungeonAssets/3d_Models/crystal9.uexp" 1174
"C:/Users/moehnj/Downloads/InteractionForGameDesignFinal/ResearchProject/Content/DungeonAssets/3d_Models/texture_Misc/texture_crown.ubulk" 1175
"C:/Users/moehnj/Downloads/InteractionForGameDesignFinal/ResearchProject/Content/DungeonAssets/3d_Models/texture_Misc/texture_crown.uasset" 1176
"C:/Users/moehnj/Downloads/InteractionForGameDesignFinal/ResearchProject/Content/DungeonAssets/3d_Models/texture_Misc/texture_crown.uexp" 1177
"C:/Users/moehnj/Downloads/InteractionForGameDesignFinal/ResearchProject/Content/DungeonAssets/3d_Models/Materials/Material_crown.uasset" 1178
"C:/Users/moehnj/Downloads/InteractionForGameDesignFinal/ResearchProject/Content/DungeonAssets/3d_Models/Materials/Material_crown.uexp" 1179
"C:/Users/moehnj/Downloads/InteractionForGameDesignFinal/ResearchProject/Content/DungeonAssets/3d_Models/Crown_model.ubulk" 1180
"C:/Users/moehnj/Downloads/InteractionForGameDesignFinal/ResearchProject/Content/DungeonAssets/3d_Models/Crown_model.uasset" 1181
"C:/Users/moehnj/Downloads/InteractionForGameDesignFinal/ResearchProject/Content/DungeonAssets/3d_Models/Crown_model.uexp" 1182
"C:/Users/moehnj/Downloads/InteractionForGameDesignFinal/ResearchProject/Content/DungeonAssets/3d_Models/texture_Misc/texture_claw.ubulk" 1183
"C:/Users/moehnj/Downloads/InteractionForGameDesignFinal/ResearchProject/Content/DungeonAssets/3d_Models/texture_Misc/texture_claw.uasset" 1184
"C:/Users/moehnj/Downloads/InteractionForGameDesignFinal/ResearchProject/Content/DungeonAssets/3d_Models/texture_Misc/texture_claw.uexp" 1185
"C:/Users/moehnj/Downloads/InteractionForGameDesignFinal/ResearchProject/Content/DungeonAssets/3d_Models/Materials/Material_claw.uasset" 1186
"C:/Users/moehnj/Downloads/InteractionForGameDesignFinal/ResearchProject/Content/DungeonAssets/3d_Models/Materials/Material_claw.uexp" 1187
"C:/Users/moehnj/Downloads/InteractionForGameDesignFinal/ResearchProject/Content/DungeonAssets/3d_Models/Claw_model.ubulk" 1188
"C:/Users/moehnj/Downloads/InteractionForGameDesignFinal/ResearchProject/Content/DungeonAssets/3d_Models/Claw_model.uasset" 1189
"C:/Users/moehnj/Downloads/InteractionForGameDesignFinal/ResearchProject/Content/DungeonAssets/3d_Models/Claw_model.uexp" 1190
"C:/Users/moehnj/Downloads/InteractionForGameDesignFinal/ResearchProject/Content/DungeonAssets/3d_Models/texture_Misc/texture_Barrel.ubulk" 1191
"C:/Users/moehnj/Downloads/InteractionForGameDesignFinal/ResearchProject/Content/DungeonAssets/3d_Models/texture_Misc/texture_Barrel.uasset" 1192
"C:/Users/moehnj/Downloads/InteractionForGameDesignFinal/ResearchProject/Content/DungeonAssets/3d_Models/texture_Misc/texture_Barrel.uexp" 1193
"C:/Users/moehnj/Downloads/InteractionForGameDesignFinal/ResearchProject/Content/DungeonAssets/3d_Models/Materials/Material_Barrel.uasset" 1194
"C:/Users/moehnj/Downloads/InteractionForGameDesignFinal/ResearchProject/Content/DungeonAssets/3d_Models/Materials/Material_Barrel.uexp" 1195
"C:/Users/moehnj/Downloads/InteractionForGameDesignFinal/ResearchProject/Content/DungeonAssets/3d_Models/Barrel_texture.ubulk" 1196
"C:/Users/moehnj/Downloads/InteractionForGameDesignFinal/ResearchProject/Content/DungeonAssets/3d_Models/Barrel_texture.uasset" 1197
"C:/Users/moehnj/Downloads/InteractionForGameDesignFinal/ResearchProject/Content/DungeonAssets/3d_Models/Barrel_texture.uexp" 1198
"../../../Engine/Content/ArtTools/RenderToTexture/Meshes/S_1_Unit_Plane.ubulk" 1199
"../../../Engine/Content/ArtTools/RenderToTexture/Meshes/S_1_Unit_Plane.uasset" 1200
"../../../Engine/Content/ArtTools/RenderToTexture/Meshes/S_1_Unit_Plane.uexp" 1201
"C:/Users/moehnj/Downloads/InteractionForGameDesignFinal/ResearchProject/Content/VRS_LowPolyNature/Meshes/Env/LowPolyEnviernment/SM_DirtPileG.ubulk" 1202
"C:/Users/moehnj/Downloads/InteractionForGameDesignFinal/ResearchProject/Content/VRS_LowPolyNature/Meshes/Env/LowPolyEnviernment/SM_DirtPileG.uasset" 1203
"C:/Users/moehnj/Downloads/InteractionForGameDesignFinal/ResearchProject/Content/VRS_LowPolyNature/Meshes/Env/LowPolyEnviernment/SM_DirtPileG.uexp" 1204
"C:/Users/moehnj/Downloads/InteractionForGameDesignFinal/ResearchProject/Content/VRS_LowPolyNature/Meshes/Env/LowPolyEnviernment/SM_DirtPileB.ubulk" 1205
"C:/Users/moehnj/Downloads/InteractionForGameDesignFinal/ResearchProject/Content/VRS_LowPolyNature/Meshes/Env/LowPolyEnviernment/SM_DirtPileB.uasset" 1206
"C:/Users/moehnj/Downloads/InteractionForGameDesignFinal/ResearchProject/Content/VRS_LowPolyNature/Meshes/Env/LowPolyEnviernment/SM_DirtPileB.uexp" 1207
"../../../Engine/Content/EditorResources/BadHighlight.ubulk" 1208
"../../../Engine/Content/EditorResources/BadHighlight.uasset" 1209
"../../../Engine/Content/EditorResources/BadHighlight.uexp" 1210
"C:/Users/moehnj/Downloads/InteractionForGameDesignFinal/ResearchProject/Content/VRS_LowPolyNature/Meshes/Env/LowPolyEnviernment/Materials/M_BaseMaterial.uasset" 1211
"C:/Users/moehnj/Downloads/InteractionForGameDesignFinal/ResearchProject/Content/VRS_LowPolyNature/Meshes/Env/LowPolyEnviernment/Materials/M_BaseMaterial.uexp" 1212
"C:/Users/moehnj/Downloads/InteractionForGameDesignFinal/ResearchProject/Content/VRS_LowPolyNature/Meshes/Env/LowPolyEnviernment/Textures/T_BaselinePalette.ubulk" 1213
"C:/Users/moehnj/Downloads/InteractionForGameDesignFinal/ResearchProject/Content/VRS_LowPolyNature/Meshes/Env/LowPolyEnviernment/Textures/T_BaselinePalette.uasset" 1214
"C:/Users/moehnj/Downloads/InteractionForGameDesignFinal/ResearchProject/Content/VRS_LowPolyNature/Meshes/Env/LowPolyEnviernment/Textures/T_BaselinePalette.uexp" 1215
"C:/Users/moehnj/Downloads/InteractionForGameDesignFinal/ResearchProject/Content/VRS_LowPolyNature/Meshes/Env/LowPolyEnviernment/Materials/MI_Base.uasset" 1216
"C:/Users/moehnj/Downloads/InteractionForGameDesignFinal/ResearchProject/Content/VRS_LowPolyNature/Meshes/Env/LowPolyEnviernment/Materials/MI_Base.uexp" 1217
"C:/Users/moehnj/Downloads/InteractionForGameDesignFinal/ResearchProject/Content/VRS_LowPolyNature/Meshes/Env/LowPolyEnviernment/RuinedWalls/SM_RuinedWallSlabA.ubulk" 1218
"C:/Users/moehnj/Downloads/InteractionForGameDesignFinal/ResearchProject/Content/VRS_LowPolyNature/Meshes/Env/LowPolyEnviernment/RuinedWalls/SM_RuinedWallSlabA.uasset" 1219
"C:/Users/moehnj/Downloads/InteractionForGameDesignFinal/ResearchProject/Content/VRS_LowPolyNature/Meshes/Env/LowPolyEnviernment/RuinedWalls/SM_RuinedWallSlabA.uexp" 1220
"C:/Users/moehnj/Downloads/InteractionForGameDesignFinal/ResearchProject/Content/VRS_LowPolyNature/Meshes/Env/LowPolyEnviernment/RuinedWalls/SM_RuinedWallFCorner.ubulk" 1221
"C:/Users/moehnj/Downloads/InteractionForGameDesignFinal/ResearchProject/Content/VRS_LowPolyNature/Meshes/Env/LowPolyEnviernment/RuinedWalls/SM_RuinedWallFCorner.uasset" 1222
"C:/Users/moehnj/Downloads/InteractionForGameDesignFinal/ResearchProject/Content/VRS_LowPolyNature/Meshes/Env/LowPolyEnviernment/RuinedWalls/SM_RuinedWallFCorner.uexp" 1223
"C:/Users/moehnj/Downloads/InteractionForGameDesignFinal/ResearchProject/Content/VRS_LowPolyNature/Meshes/Env/LowPolyEnviernment/RuinedWalls/SM_RuinedWallD.ubulk" 1224
"C:/Users/moehnj/Downloads/InteractionForGameDesignFinal/ResearchProject/Content/VRS_LowPolyNature/Meshes/Env/LowPolyEnviernment/RuinedWalls/SM_RuinedWallD.uasset" 1225
"C:/Users/moehnj/Downloads/InteractionForGameDesignFinal/ResearchProject/Content/VRS_LowPolyNature/Meshes/Env/LowPolyEnviernment/RuinedWalls/SM_RuinedWallD.uexp" 1226
"C:/Users/moehnj/Downloads/InteractionForGameDesignFinal/ResearchProject/Content/VRS_LowPolyNature/Meshes/Env/LowPolyEnviernment/RuinedWalls/SM_RuinedWallC.ubulk" 1227
"C:/Users/moehnj/Downloads/InteractionForGameDesignFinal/ResearchProject/Content/VRS_LowPolyNature/Meshes/Env/LowPolyEnviernment/RuinedWalls/SM_RuinedWallC.uasset" 1228
"C:/Users/moehnj/Downloads/InteractionForGameDesignFinal/ResearchProject/Content/VRS_LowPolyNature/Meshes/Env/LowPolyEnviernment/RuinedWalls/SM_RuinedWallC.uexp" 1229
"C:/Users/moehnj/Downloads/InteractionForGameDesignFinal/ResearchProject/Content/VRS_LowPolyNature/Meshes/Env/LowPolyEnviernment/Rocks/SM_RockSmallCFlat.ubulk" 1230
"C:/Users/moehnj/Downloads/InteractionForGameDesignFinal/ResearchProject/Content/VRS_LowPolyNature/Meshes/Env/LowPolyEnviernment/Rocks/SM_RockSmallCFlat.uasset" 1231
"C:/Users/moehnj/Downloads/InteractionForGameDesignFinal/ResearchProject/Content/VRS_LowPolyNature/Meshes/Env/LowPolyEnviernment/Rocks/SM_RockSmallCFlat.uexp" 1232
"C:/Users/moehnj/Downloads/InteractionForGameDesignFinal/ResearchProject/Content/VRS_LowPolyNature/Meshes/Env/LowPolyEnviernment/Rocks/SM_RockBigC.ubulk" 1233
"C:/Users/moehnj/Downloads/InteractionForGameDesignFinal/ResearchProject/Content/VRS_LowPolyNature/Meshes/Env/LowPolyEnviernment/Rocks/SM_RockBigC.uasset" 1234
"C:/Users/moehnj/Downloads/InteractionForGameDesignFinal/ResearchProject/Content/VRS_LowPolyNature/Meshes/Env/LowPolyEnviernment/Rocks/SM_RockBigC.uexp" 1235
"C:/Users/moehnj/Downloads/InteractionForGameDesignFinal/ResearchProject/Content/VRS_LowPolyNature/Meshes/Env/LowPolyEnviernment/Planks/SM_PlankStackB.ubulk" 1236
"C:/Users/moehnj/Downloads/InteractionForGameDesignFinal/ResearchProject/Content/VRS_LowPolyNature/Meshes/Env/LowPolyEnviernment/Planks/SM_PlankStackB.uasset" 1237
"C:/Users/moehnj/Downloads/InteractionForGameDesignFinal/ResearchProject/Content/VRS_LowPolyNature/Meshes/Env/LowPolyEnviernment/Planks/SM_PlankStackB.uexp" 1238
"C:/Users/moehnj/Downloads/InteractionForGameDesignFinal/ResearchProject/Content/VRS_LowPolyNature/Meshes/Env/LowPolyEnviernment/Planks/SM_PlankStackA.ubulk" 1239
"C:/Users/moehnj/Downloads/InteractionForGameDesignFinal/ResearchProject/Content/VRS_LowPolyNature/Meshes/Env/LowPolyEnviernment/Planks/SM_PlankStackA.uasset" 1240
"C:/Users/moehnj/Downloads/InteractionForGameDesignFinal/ResearchProject/Content/VRS_LowPolyNature/Meshes/Env/LowPolyEnviernment/Planks/SM_PlankStackA.uexp" 1241
"C:/Users/moehnj/Downloads/InteractionForGameDesignFinal/ResearchProject/Content/VRS_LowPolyNature/Meshes/Env/LowPolyEnviernment/Planks/SM_PlankSmallWobbly.ubulk" 1242
"C:/Users/moehnj/Downloads/InteractionForGameDesignFinal/ResearchProject/Content/VRS_LowPolyNature/Meshes/Env/LowPolyEnviernment/Planks/SM_PlankSmallWobbly.uasset" 1243
"C:/Users/moehnj/Downloads/InteractionForGameDesignFinal/ResearchProject/Content/VRS_LowPolyNature/Meshes/Env/LowPolyEnviernment/Planks/SM_PlankSmallWobbly.uexp" 1244
"C:/Users/moehnj/Downloads/InteractionForGameDesignFinal/ResearchProject/Content/VRS_LowPolyNature/Meshes/Env/LowPolyEnviernment/Planks/SM_PlankMed.ubulk" 1245
"C:/Users/moehnj/Downloads/InteractionForGameDesignFinal/ResearchProject/Content/VRS_LowPolyNature/Meshes/Env/LowPolyEnviernment/Planks/SM_PlankMed.uasset" 1246
"C:/Users/moehnj/Downloads/InteractionForGameDesignFinal/ResearchProject/Content/VRS_LowPolyNature/Meshes/Env/LowPolyEnviernment/Planks/SM_PlankMed.uexp" 1247
"C:/Users/moehnj/Downloads/InteractionForGameDesignFinal/ResearchProject/Content/VRS_LowPolyNature/Meshes/Env/LowPolyEnviernment/Planks/SM_PlankDamaged.ubulk" 1248
"C:/Users/moehnj/Downloads/InteractionForGameDesignFinal/ResearchProject/Content/VRS_LowPolyNature/Meshes/Env/LowPolyEnviernment/Planks/SM_PlankDamaged.uasset" 1249
"C:/Users/moehnj/Downloads/InteractionForGameDesignFinal/ResearchProject/Content/VRS_LowPolyNature/Meshes/Env/LowPolyEnviernment/Planks/SM_PlankDamaged.uexp" 1250
"C:/Users/moehnj/Downloads/InteractionForGameDesignFinal/ResearchProject/Content/VRS_LowPolyNature/Meshes/Env/LowPolyEnviernment/Planks/SM_PlankBig.ubulk" 1251
"C:/Users/moehnj/Downloads/InteractionForGameDesignFinal/ResearchProject/Content/VRS_LowPolyNature/Meshes/Env/LowPolyEnviernment/Planks/SM_PlankBig.uasset" 1252
"C:/Users/moehnj/Downloads/InteractionForGameDesignFinal/ResearchProject/Content/VRS_LowPolyNature/Meshes/Env/LowPolyEnviernment/Planks/SM_PlankBig.uexp" 1253
"C:/Users/moehnj/Downloads/InteractionForGameDesignFinal/ResearchProject/Content/VRS_LowPolyNature/Meshes/Env/LowPolyEnviernment/Rocks/RockPiles/SM_RockPilesBigD.ubulk" 1254
"C:/Users/moehnj/Downloads/InteractionForGameDesignFinal/ResearchProject/Content/VRS_LowPolyNature/Meshes/Env/LowPolyEnviernment/Rocks/RockPiles/SM_RockPilesBigD.uasset" 1255
"C:/Users/moehnj/Downloads/InteractionForGameDesignFinal/ResearchProject/Content/VRS_LowPolyNature/Meshes/Env/LowPolyEnviernment/Rocks/RockPiles/SM_RockPilesBigD.uexp" 1256
"C:/Users/moehnj/Downloads/InteractionForGameDesignFinal/ResearchProject/Content/VRS_LowPolyNature/Meshes/Env/LowPolyEnviernment/Rocks/RockPiles/SM_RockPilesBigC.ubulk" 1257
"C:/Users/moehnj/Downloads/InteractionForGameDesignFinal/ResearchProject/Content/VRS_LowPolyNature/Meshes/Env/LowPolyEnviernment/Rocks/RockPiles/SM_RockPilesBigC.uasset" 1258
"C:/Users/moehnj/Downloads/InteractionForGameDesignFinal/ResearchProject/Content/VRS_LowPolyNature/Meshes/Env/LowPolyEnviernment/Rocks/RockPiles/SM_RockPilesBigC.uexp" 1259
"C:/Users/moehnj/Downloads/InteractionForGameDesignFinal/ResearchProject/Content/VRS_LowPolyNature/Meshes/Env/LowPolyEnviernment/Rocks/RockPiles/SM_RockPilesBigB.ubulk" 1260
"C:/Users/moehnj/Downloads/InteractionForGameDesignFinal/ResearchProject/Content/VRS_LowPolyNature/Meshes/Env/LowPolyEnviernment/Rocks/RockPiles/SM_RockPilesBigB.uasset" 1261
"C:/Users/moehnj/Downloads/InteractionForGameDesignFinal/ResearchProject/Content/VRS_LowPolyNature/Meshes/Env/LowPolyEnviernment/Rocks/RockPiles/SM_RockPilesBigB.uexp" 1262
"C:/Users/moehnj/Downloads/InteractionForGameDesignFinal/ResearchProject/Content/VRS_LowPolyNature/Meshes/Env/LowPolyEnviernment/Rocks/RockPiles/SM_RockPilesBigA.ubulk" 1263
"C:/Users/moehnj/Downloads/InteractionForGameDesignFinal/ResearchProject/Content/VRS_LowPolyNature/Meshes/Env/LowPolyEnviernment/Rocks/RockPiles/SM_RockPilesBigA.uasset" 1264
"C:/Users/moehnj/Downloads/InteractionForGameDesignFinal/ResearchProject/Content/VRS_LowPolyNature/Meshes/Env/LowPolyEnviernment/Rocks/RockPiles/SM_RockPilesBigA.uexp" 1265
"../../../Engine/Content/VREditor/TransformGizmo/TranslucentTransformGizmoMaterial.uasset" 1266
"../../../Engine/Content/VREditor/TransformGizmo/TranslucentTransformGizmoMaterial.uexp" 1267
"../../../Engine/Content/VREditor/LaserPointer/VR_LaserPower_01.ubulk" 1268
"../../../Engine/Content/VREditor/LaserPointer/VR_LaserPower_01.uasset" 1269
"../../../Engine/Content/VREditor/LaserPointer/VR_LaserPower_01.uexp" 1270
"../../../Engine/Content/VREditor/TransformGizmo/TransformGizmoMaterial.uasset" 1271
"../../../Engine/Content/VREditor/TransformGizmo/TransformGizmoMaterial.uexp" 1272
"../../../Engine/Content/VREditor/TransformGizmo/BoundingBoxCorner.ubulk" 1273
"../../../Engine/Content/VREditor/TransformGizmo/BoundingBoxCorner.uasset" 1274
"../../../Engine/Content/VREditor/TransformGizmo/BoundingBoxCorner.uexp" 1275
"../../../Engine/Content/VREditor/TransformGizmo/BoundingBoxEdge.ubulk" 1276
"../../../Engine/Content/VREditor/TransformGizmo/BoundingBoxEdge.uasset" 1277
"../../../Engine/Content/VREditor/TransformGizmo/BoundingBoxEdge.uexp" 1278
"../../../Engine/Content/VREditor/TransformGizmo/Xray.uasset" 1279
"../../../Engine/Content/VREditor/TransformGizmo/Xray.uexp" 1280
"../../../Engine/Content/VREditor/TransformGizmo/Main.uasset" 1281
"../../../Engine/Content/VREditor/TransformGizmo/Main.uexp" 1282
"../../../Engine/Content/VREditor/TransformGizmo/SM_Sequencer_Node.ubulk" 1283
"../../../Engine/Content/VREditor/TransformGizmo/SM_Sequencer_Node.uasset" 1284
"../../../Engine/Content/VREditor/TransformGizmo/SM_Sequencer_Node.uexp" 1285
"../../../Engine/Content/EditorMaterials/Camera/CineMat.uasset" 1286
"../../../Engine/Content/EditorMaterials/Camera/CineMat.uexp" 1287
"../../../Engine/Content/EditorMaterials/Camera/MI_CineMat_Rig.uasset" 1288
"../../../Engine/Content/EditorMaterials/Camera/MI_CineMat_Rig.uexp" 1289
"../../../Engine/Content/EditorMeshes/Camera/SM_CraneRig_Arm.ubulk" 1290
"../../../Engine/Content/EditorMeshes/Camera/SM_CraneRig_Arm.uasset" 1291
"../../../Engine/Content/EditorMeshes/Camera/SM_CraneRig_Arm.uexp" 1292
"../../../Engine/Content/EditorMeshes/Camera/SM_CraneRig_Base.ubulk" 1293
"../../../Engine/Content/EditorMeshes/Camera/SM_CraneRig_Base.uasset" 1294
"../../../Engine/Content/EditorMeshes/Camera/SM_CraneRig_Base.uexp" 1295
"../../../Engine/Content/EditorMeshes/Camera/SM_CraneRig_Body.ubulk" 1296
"../../../Engine/Content/EditorMeshes/Camera/SM_CraneRig_Body.uasset" 1297
"../../../Engine/Content/EditorMeshes/Camera/SM_CraneRig_Body.uexp" 1298
"../../../Engine/Content/EditorMeshes/Camera/SM_CraneRig_Mount.ubulk" 1299
"../../../Engine/Content/EditorMeshes/Camera/SM_CraneRig_Mount.uasset" 1300
"../../../Engine/Content/EditorMeshes/Camera/SM_CraneRig_Mount.uexp" 1301
"../../../Engine/Content/EditorMeshes/Camera/SM_RailRig_Mount.ubulk" 1302
"../../../Engine/Content/EditorMeshes/Camera/SM_RailRig_Mount.uasset" 1303
"../../../Engine/Content/EditorMeshes/Camera/SM_RailRig_Mount.uexp" 1304
"../../../Engine/Content/EditorMeshes/Camera/SM_RailRig_Track.ubulk" 1305
"../../../Engine/Content/EditorMeshes/Camera/SM_RailRig_Track.uasset" 1306
"../../../Engine/Content/EditorMeshes/Camera/SM_RailRig_Track.uexp" 1307
"../../../Engine/Content/EngineMeshes/Sphere.ubulk" 1308
"../../../Engine/Content/EngineMeshes/Sphere.uasset" 1309
"../../../Engine/Content/EngineMeshes/Sphere.uexp" 1310
"../../../Engine/Plugins/Animation/ControlRig/Content/Controls/ControlRig_Arrow2_1mm.ubulk" 1311
"../../../Engine/Plugins/Animation/ControlRig/Content/Controls/ControlRig_Arrow2_1mm.uasset" 1312
"../../../Engine/Plugins/Animation/ControlRig/Content/Controls/ControlRig_Arrow2_1mm.uexp" 1313
"../../../Engine/Plugins/Animation/ControlRig/Content/Controls/ControlRig_Arrow2_3mm.ubulk" 1314
"../../../Engine/Plugins/Animation/ControlRig/Content/Controls/ControlRig_Arrow2_3mm.uasset" 1315
"../../../Engine/Plugins/Animation/ControlRig/Content/Controls/ControlRig_Arrow2_3mm.uexp" 1316
"../../../Engine/Plugins/Animation/ControlRig/Content/Controls/ControlRig_Arrow2_solid.ubulk" 1317
"../../../Engine/Plugins/Animation/ControlRig/Content/Controls/ControlRig_Arrow2_solid.uasset" 1318
"../../../Engine/Plugins/Animation/ControlRig/Content/Controls/ControlRig_Arrow2_solid.uexp" 1319
"../../../Engine/Plugins/Animation/ControlRig/Content/Controls/ControlRig_Arrow4_1mm.ubulk" 1320
"../../../Engine/Plugins/Animation/ControlRig/Content/Controls/ControlRig_Arrow4_1mm.uasset" 1321
"../../../Engine/Plugins/Animation/ControlRig/Content/Controls/ControlRig_Arrow4_1mm.uexp" 1322
"../../../Engine/Plugins/Animation/ControlRig/Content/Controls/ControlRig_Arrow4_3mm.ubulk" 1323
"../../../Engine/Plugins/Animation/ControlRig/Content/Controls/ControlRig_Arrow4_3mm.uasset" 1324
"../../../Engine/Plugins/Animation/ControlRig/Content/Controls/ControlRig_Arrow4_3mm.uexp" 1325
"../../../Engine/Plugins/Animation/ControlRig/Content/Controls/ControlRig_Arrow4_solid.ubulk" 1326
"../../../Engine/Plugins/Animation/ControlRig/Content/Controls/ControlRig_Arrow4_solid.uasset" 1327
"../../../Engine/Plugins/Animation/ControlRig/Content/Controls/ControlRig_Arrow4_solid.uexp" 1328
"../../../Engine/Plugins/Animation/ControlRig/Content/Controls/ControlRig_Arrow_1mm.ubulk" 1329
"../../../Engine/Plugins/Animation/ControlRig/Content/Controls/ControlRig_Arrow_1mm.uasset" 1330
"../../../Engine/Plugins/Animation/ControlRig/Content/Controls/ControlRig_Arrow_1mm.uexp" 1331
"../../../Engine/Plugins/Animation/ControlRig/Content/Controls/ControlRig_Arrow_3mm.ubulk" 1332
"../../../Engine/Plugins/Animation/ControlRig/Content/Controls/ControlRig_Arrow_3mm.uasset" 1333
"../../../Engine/Plugins/Animation/ControlRig/Content/Controls/ControlRig_Arrow_3mm.uexp" 1334
"../../../Engine/Plugins/Animation/ControlRig/Content/Controls/ControlRig_Arrow_solid.ubulk" 1335
"../../../Engine/Plugins/Animation/ControlRig/Content/Controls/ControlRig_Arrow_solid.uasset" 1336
"../../../Engine/Plugins/Animation/ControlRig/Content/Controls/ControlRig_Arrow_solid.uexp" 1337
"../../../Engine/Plugins/Animation/ControlRig/Content/Controls/ControlRig_Box_1mm.ubulk" 1338
"../../../Engine/Plugins/Animation/ControlRig/Content/Controls/ControlRig_Box_1mm.uasset" 1339
"../../../Engine/Plugins/Animation/ControlRig/Content/Controls/ControlRig_Box_1mm.uexp" 1340
"../../../Engine/Plugins/Animation/ControlRig/Content/Controls/ControlRig_Box_3mm.ubulk" 1341
"../../../Engine/Plugins/Animation/ControlRig/Content/Controls/ControlRig_Box_3mm.uasset" 1342
"../../../Engine/Plugins/Animation/ControlRig/Content/Controls/ControlRig_Box_3mm.uexp" 1343
"../../../Engine/Plugins/Animation/ControlRig/Content/Controls/ControlRig_Box_solid.ubulk" 1344
"../../../Engine/Plugins/Animation/ControlRig/Content/Controls/ControlRig_Box_solid.uasset" 1345
"../../../Engine/Plugins/Animation/ControlRig/Content/Controls/ControlRig_Box_solid.uexp" 1346
"../../../Engine/Plugins/Animation/ControlRig/Content/Controls/ControlRig_Circle_1mm.ubulk" 1347
"../../../Engine/Plugins/Animation/ControlRig/Content/Controls/ControlRig_Circle_1mm.uasset" 1348
"../../../Engine/Plugins/Animation/ControlRig/Content/Controls/ControlRig_Circle_1mm.uexp" 1349
"../../../Engine/Plugins/Animation/ControlRig/Content/Controls/ControlRig_Circle_3mm.ubulk" 1350
"../../../Engine/Plugins/Animation/ControlRig/Content/Controls/ControlRig_Circle_3mm.uasset" 1351
"../../../Engine/Plugins/Animation/ControlRig/Content/Controls/ControlRig_Circle_3mm.uexp" 1352
"../../../Engine/Plugins/Animation/ControlRig/Content/Controls/ControlRig_Circle_solid.ubulk" 1353
"../../../Engine/Plugins/Animation/ControlRig/Content/Controls/ControlRig_Circle_solid.uasset" 1354
"../../../Engine/Plugins/Animation/ControlRig/Content/Controls/ControlRig_Circle_solid.uexp" 1355
"../../../Engine/Plugins/Animation/ControlRig/Content/Controls/ControlRig_Diamond_1mm.ubulk" 1356
"../../../Engine/Plugins/Animation/ControlRig/Content/Controls/ControlRig_Diamond_1mm.uasset" 1357
"../../../Engine/Plugins/Animation/ControlRig/Content/Controls/ControlRig_Diamond_1mm.uexp" 1358
"../../../Engine/Plugins/Animation/ControlRig/Content/Controls/ControlRig_Diamond_3mm.ubulk" 1359
"../../../Engine/Plugins/Animation/ControlRig/Content/Controls/ControlRig_Diamond_3mm.uasset" 1360
"../../../Engine/Plugins/Animation/ControlRig/Content/Controls/ControlRig_Diamond_3mm.uexp" 1361
"../../../Engine/Plugins/Animation/ControlRig/Content/Controls/ControlRig_Diamond_solid.ubulk" 1362
"../../../Engine/Plugins/Animation/ControlRig/Content/Controls/ControlRig_Diamond_solid.uasset" 1363
"../../../Engine/Plugins/Animation/ControlRig/Content/Controls/ControlRig_Diamond_solid.uexp" 1364
"../../../Engine/Plugins/Animation/ControlRig/Content/Controls/ControlRig_HalfCircle_1mm.ubulk" 1365
"../../../Engine/Plugins/Animation/ControlRig/Content/Controls/ControlRig_HalfCircle_1mm.uasset" 1366
"../../../Engine/Plugins/Animation/ControlRig/Content/Controls/ControlRig_HalfCircle_1mm.uexp" 1367
"../../../Engine/Plugins/Animation/ControlRig/Content/Controls/ControlRig_HalfCircle_3mm.ubulk" 1368
"../../../Engine/Plugins/Animation/ControlRig/Content/Controls/ControlRig_HalfCircle_3mm.uasset" 1369
"../../../Engine/Plugins/Animation/ControlRig/Content/Controls/ControlRig_HalfCircle_3mm.uexp" 1370
"../../../Engine/Plugins/Animation/ControlRig/Content/Controls/ControlRig_HalfCircle_solid.ubulk" 1371
"../../../Engine/Plugins/Animation/ControlRig/Content/Controls/ControlRig_HalfCircle_solid.uasset" 1372
"../../../Engine/Plugins/Animation/ControlRig/Content/Controls/ControlRig_HalfCircle_solid.uexp" 1373
"../../../Engine/Plugins/Animation/ControlRig/Content/Controls/ControlRig_Hexagon_1mm.ubulk" 1374
"../../../Engine/Plugins/Animation/ControlRig/Content/Controls/ControlRig_Hexagon_1mm.uasset" 1375
"../../../Engine/Plugins/Animation/ControlRig/Content/Controls/ControlRig_Hexagon_1mm.uexp" 1376
"../../../Engine/Plugins/Animation/ControlRig/Content/Controls/ControlRig_Hexagon_3mm.ubulk" 1377
"../../../Engine/Plugins/Animation/ControlRig/Content/Controls/ControlRig_Hexagon_3mm.uasset" 1378
"../../../Engine/Plugins/Animation/ControlRig/Content/Controls/ControlRig_Hexagon_3mm.uexp" 1379
"../../../Engine/Plugins/Animation/ControlRig/Content/Controls/ControlRig_Hexagon_solid.ubulk" 1380
"../../../Engine/Plugins/Animation/ControlRig/Content/Controls/ControlRig_Hexagon_solid.uasset" 1381
"../../../Engine/Plugins/Animation/ControlRig/Content/Controls/ControlRig_Hexagon_solid.uexp" 1382
"../../../Engine/Plugins/Animation/ControlRig/Content/Controls/ControlRig_Octagon_1mm.ubulk" 1383
"../../../Engine/Plugins/Animation/ControlRig/Content/Controls/ControlRig_Octagon_1mm.uasset" 1384
"../../../Engine/Plugins/Animation/ControlRig/Content/Controls/ControlRig_Octagon_1mm.uexp" 1385
"../../../Engine/Plugins/Animation/ControlRig/Content/Controls/ControlRig_Octagon_3mm.ubulk" 1386
"../../../Engine/Plugins/Animation/ControlRig/Content/Controls/ControlRig_Octagon_3mm.uasset" 1387
"../../../Engine/Plugins/Animation/ControlRig/Content/Controls/ControlRig_Octagon_3mm.uexp" 1388
"../../../Engine/Plugins/Animation/ControlRig/Content/Controls/ControlRig_Octagon_solid.ubulk" 1389
"../../../Engine/Plugins/Animation/ControlRig/Content/Controls/ControlRig_Octagon_solid.uasset" 1390
"../../../Engine/Plugins/Animation/ControlRig/Content/Controls/ControlRig_Octagon_solid.uexp" 1391
"../../../Engine/Plugins/Animation/ControlRig/Content/Controls/ControlRig_Pyramid_1mm.ubulk" 1392
"../../../Engine/Plugins/Animation/ControlRig/Content/Controls/ControlRig_Pyramid_1mm.uasset" 1393
"../../../Engine/Plugins/Animation/ControlRig/Content/Controls/ControlRig_Pyramid_1mm.uexp" 1394
"../../../Engine/Plugins/Animation/ControlRig/Content/Controls/ControlRig_Pyramid_3mm.ubulk" 1395
"../../../Engine/Plugins/Animation/ControlRig/Content/Controls/ControlRig_Pyramid_3mm.uasset" 1396
"../../../Engine/Plugins/Animation/ControlRig/Content/Controls/ControlRig_Pyramid_3mm.uexp" 1397
"../../../Engine/Plugins/Animation/ControlRig/Content/Controls/ControlRig_Pyramid_solid.ubulk" 1398
"../../../Engine/Plugins/Animation/ControlRig/Content/Controls/ControlRig_Pyramid_solid.uasset" 1399
"../../../Engine/Plugins/Animation/ControlRig/Content/Controls/ControlRig_Pyramid_solid.uexp" 1400
"../../../Engine/Plugins/Animation/ControlRig/Content/Controls/ControlRig_QuarterCircle_1mm.ubulk" 1401
"../../../Engine/Plugins/Animation/ControlRig/Content/Controls/ControlRig_QuarterCircle_1mm.uasset" 1402
"../../../Engine/Plugins/Animation/ControlRig/Content/Controls/ControlRig_QuarterCircle_1mm.uexp" 1403
"../../../Engine/Plugins/Animation/ControlRig/Content/Controls/ControlRig_QuarterCircle_3mm.ubulk" 1404
"../../../Engine/Plugins/Animation/ControlRig/Content/Controls/ControlRig_QuarterCircle_3mm.uasset" 1405
"../../../Engine/Plugins/Animation/ControlRig/Content/Controls/ControlRig_QuarterCircle_3mm.uexp" 1406
"../../../Engine/Plugins/Animation/ControlRig/Content/Controls/ControlRig_QuarterCircle_solid.ubulk" 1407
"../../../Engine/Plugins/Animation/ControlRig/Content/Controls/ControlRig_QuarterCircle_solid.uasset" 1408
"../../../Engine/Plugins/Animation/ControlRig/Content/Controls/ControlRig_QuarterCircle_solid.uexp" 1409
"../../../Engine/Plugins/Animation/ControlRig/Content/Controls/ControlRig_RoundedSquare_1mm.ubulk" 1410
"../../../Engine/Plugins/Animation/ControlRig/Content/Controls/ControlRig_RoundedSquare_1mm.uasset" 1411
"../../../Engine/Plugins/Animation/ControlRig/Content/Controls/ControlRig_RoundedSquare_1mm.uexp" 1412
"../../../Engine/Plugins/Animation/ControlRig/Content/Controls/ControlRig_RoundedSquare_3mm.ubulk" 1413
"../../../Engine/Plugins/Animation/ControlRig/Content/Controls/ControlRig_RoundedSquare_3mm.uasset" 1414
"../../../Engine/Plugins/Animation/ControlRig/Content/Controls/ControlRig_RoundedSquare_3mm.uexp" 1415
"../../../Engine/Plugins/Animation/ControlRig/Content/Controls/ControlRig_RoundedSquare_solid.ubulk" 1416
"../../../Engine/Plugins/Animation/ControlRig/Content/Controls/ControlRig_RoundedSquare_solid.uasset" 1417
"../../../Engine/Plugins/Animation/ControlRig/Content/Controls/ControlRig_RoundedSquare_solid.uexp" 1418
"../../../Engine/Plugins/Animation/ControlRig/Content/Controls/ControlRig_RoundedTriangle_1mm.ubulk" 1419
"../../../Engine/Plugins/Animation/ControlRig/Content/Controls/ControlRig_RoundedTriangle_1mm.uasset" 1420
"../../../Engine/Plugins/Animation/ControlRig/Content/Controls/ControlRig_RoundedTriangle_1mm.uexp" 1421
"../../../Engine/Plugins/Animation/ControlRig/Content/Controls/ControlRig_RoundedTriangle_3mm.ubulk" 1422
"../../../Engine/Plugins/Animation/ControlRig/Content/Controls/ControlRig_RoundedTriangle_3mm.uasset" 1423
"../../../Engine/Plugins/Animation/ControlRig/Content/Controls/ControlRig_RoundedTriangle_3mm.uexp" 1424
"../../../Engine/Plugins/Animation/ControlRig/Content/Controls/ControlRig_RoundedTriangle_solid.ubulk" 1425
"../../../Engine/Plugins/Animation/ControlRig/Content/Controls/ControlRig_RoundedTriangle_solid.uasset" 1426
"../../../Engine/Plugins/Animation/ControlRig/Content/Controls/ControlRig_RoundedTriangle_solid.uexp" 1427
"../../../Engine/Plugins/Animation/ControlRig/Content/Controls/ControlRig_Sphere_1mm.ubulk" 1428
"../../../Engine/Plugins/Animation/ControlRig/Content/Controls/ControlRig_Sphere_1mm.uasset" 1429
"../../../Engine/Plugins/Animation/ControlRig/Content/Controls/ControlRig_Sphere_1mm.uexp" 1430
"../../../Engine/Plugins/Animation/ControlRig/Content/Controls/ControlRig_Sphere_3mm.ubulk" 1431
"../../../Engine/Plugins/Animation/ControlRig/Content/Controls/ControlRig_Sphere_3mm.uasset" 1432
"../../../Engine/Plugins/Animation/ControlRig/Content/Controls/ControlRig_Sphere_3mm.uexp" 1433
"../../../Engine/Plugins/Animation/ControlRig/Content/Controls/ControlRig_Sphere_solid.ubulk" 1434
"../../../Engine/Plugins/Animation/ControlRig/Content/Controls/ControlRig_Sphere_solid.uasset" 1435
"../../../Engine/Plugins/Animation/ControlRig/Content/Controls/ControlRig_Sphere_solid.uexp" 1436
"../../../Engine/Plugins/Animation/ControlRig/Content/Controls/ControlRig_Square_1mm.ubulk" 1437
"../../../Engine/Plugins/Animation/ControlRig/Content/Controls/ControlRig_Square_1mm.uasset" 1438
"../../../Engine/Plugins/Animation/ControlRig/Content/Controls/ControlRig_Square_1mm.uexp" 1439
"../../../Engine/Plugins/Animation/ControlRig/Content/Controls/ControlRig_Square_3mm.ubulk" 1440
"../../../Engine/Plugins/Animation/ControlRig/Content/Controls/ControlRig_Square_3mm.uasset" 1441
"../../../Engine/Plugins/Animation/ControlRig/Content/Controls/ControlRig_Square_3mm.uexp" 1442
"../../../Engine/Plugins/Animation/ControlRig/Content/Controls/ControlRig_Square_solid.ubulk" 1443
"../../../Engine/Plugins/Animation/ControlRig/Content/Controls/ControlRig_Square_solid.uasset" 1444
"../../../Engine/Plugins/Animation/ControlRig/Content/Controls/ControlRig_Square_solid.uexp" 1445
"../../../Engine/Plugins/Animation/ControlRig/Content/Controls/ControlRig_Star4_1mm.ubulk" 1446
"../../../Engine/Plugins/Animation/ControlRig/Content/Controls/ControlRig_Star4_1mm.uasset" 1447
"../../../Engine/Plugins/Animation/ControlRig/Content/Controls/ControlRig_Star4_1mm.uexp" 1448
"../../../Engine/Plugins/Animation/ControlRig/Content/Controls/ControlRig_Star4_3mm.ubulk" 1449
"../../../Engine/Plugins/Animation/ControlRig/Content/Controls/ControlRig_Star4_3mm.uasset" 1450
"../../../Engine/Plugins/Animation/ControlRig/Content/Controls/ControlRig_Star4_3mm.uexp" 1451
"../../../Engine/Plugins/Animation/ControlRig/Content/Controls/ControlRig_Star4_solid.ubulk" 1452
"../../../Engine/Plugins/Animation/ControlRig/Content/Controls/ControlRig_Star4_solid.uasset" 1453
"../../../Engine/Plugins/Animation/ControlRig/Content/Controls/ControlRig_Star4_solid.uexp" 1454
"../../../Engine/Plugins/Animation/ControlRig/Content/Controls/ControlRig_Triangle_1mm.ubulk" 1455
"../../../Engine/Plugins/Animation/ControlRig/Content/Controls/ControlRig_Triangle_1mm.uasset" 1456
"../../../Engine/Plugins/Animation/ControlRig/Content/Controls/ControlRig_Triangle_1mm.uexp" 1457
"../../../Engine/Plugins/Animation/ControlRig/Content/Controls/ControlRig_Triangle_3mm.ubulk" 1458
"../../../Engine/Plugins/Animation/ControlRig/Content/Controls/ControlRig_Triangle_3mm.uasset" 1459
"../../../Engine/Plugins/Animation/ControlRig/Content/Controls/ControlRig_Triangle_3mm.uexp" 1460
"../../../Engine/Plugins/Animation/ControlRig/Content/Controls/ControlRig_Triangle_solid.ubulk" 1461
"../../../Engine/Plugins/Animation/ControlRig/Content/Controls/ControlRig_Triangle_solid.uasset" 1462
"../../../Engine/Plugins/Animation/ControlRig/Content/Controls/ControlRig_Triangle_solid.uexp" 1463
"../../../Engine/Plugins/Animation/ControlRig/Content/Controls/ControlRig_Wedge_1mm.ubulk" 1464
"../../../Engine/Plugins/Animation/ControlRig/Content/Controls/ControlRig_Wedge_1mm.uasset" 1465
"../../../Engine/Plugins/Animation/ControlRig/Content/Controls/ControlRig_Wedge_1mm.uexp" 1466
"../../../Engine/Plugins/Animation/ControlRig/Content/Controls/ControlRig_Wedge_3mm.ubulk" 1467
"../../../Engine/Plugins/Animation/ControlRig/Content/Controls/ControlRig_Wedge_3mm.uasset" 1468
"../../../Engine/Plugins/Animation/ControlRig/Content/Controls/ControlRig_Wedge_3mm.uexp" 1469
"../../../Engine/Plugins/Animation/ControlRig/Content/Controls/ControlRig_Wedge_solid.ubulk" 1470
"../../../Engine/Plugins/Animation/ControlRig/Content/Controls/ControlRig_Wedge_solid.uasset" 1471
"../../../Engine/Plugins/Animation/ControlRig/Content/Controls/ControlRig_Wedge_solid.uexp" 1472
"../../../Engine/Content/EditorLandscapeResources/SplineEditorMeshMat.uasset" 1473
"../../../Engine/Content/EditorLandscapeResources/SplineEditorMeshMat.uexp" 1474
"../../../Engine/Content/EditorLandscapeResources/SplineEditorMesh.ubulk" 1475
"../../../Engine/Content/EditorLandscapeResources/SplineEditorMesh.uasset" 1476
"../../../Engine/Content/EditorLandscapeResources/SplineEditorMesh.uexp" 1477
"../../../Engine/Content/BasicShapes/Cone.ubulk" 1478
"../../../Engine/Content/BasicShapes/Cone.uasset" 1479
"../../../Engine/Content/BasicShapes/Cone.uexp" 1480
"../../../Engine/Content/BasicShapes/Cylinder.ubulk" 1481
"../../../Engine/Content/BasicShapes/Cylinder.uasset" 1482
"../../../Engine/Content/BasicShapes/Cylinder.uexp" 1483
"../../../Engine/Plugins/Media/MediaPlate/Content/SM_MediaPlateScreen.ubulk" 1484
"../../../Engine/Plugins/Media/MediaPlate/Content/SM_MediaPlateScreen.uasset" 1485
"../../../Engine/Plugins/Media/MediaPlate/Content/SM_MediaPlateScreen.uexp" 1486
"../../../Engine/Content/EngineResources/DefaultTextureCube.uasset" 1487
"../../../Engine/Content/EngineResources/DefaultTextureCube.uexp" 1488
"../../../Engine/Content/EngineMaterials/Substrate/GLints/AGlintTex2dArray.uasset" 1489
"../../../Engine/Content/EngineMaterials/Substrate/GLints/AGlintTex2dArray.uexp" 1490
"../../../Engine/Content/EngineMaterials/Substrate/Glints2/AGlintTex2dArray2.uasset" 1491
"../../../Engine/Content/EngineMaterials/Substrate/Glints2/AGlintTex2dArray2.uexp" 1492
"../../../Engine/Content/EngineMaterials/Substrate/Volume/SubstrateSimpleVolumeEnvLUT3D.uasset" 1493
"../../../Engine/Content/EngineMaterials/Substrate/Volume/SubstrateSimpleVolumeEnvLUT3D.uexp" 1494
"../../../Engine/Content/EngineMaterials/Substrate/Volume/SubstrateSimpleVolumeLUT3D.uasset" 1495
"../../../Engine/Content/EngineMaterials/Substrate/Volume/SubstrateSimpleVolumeLUT3D.uexp" 1496
"../../../Engine/Content/Functions/Engine_MaterialFunctions02/Math/Transform3x3Matrix.uasset" 1497
"../../../Engine/Content/Functions/Engine_MaterialFunctions02/Math/Transform3x3Matrix.uexp" 1498
"../../../Engine/Plugins/Interchange/Assets/Content/Utilities/New_LUT.uasset" 1499
"../../../Engine/Plugins/Interchange/Assets/Content/Utilities/New_LUT.uexp" 1500
"../../../Engine/Content/Functions/Engine_MaterialFunctions03/Math/RemapValueRange.uasset" 1501
"../../../Engine/Content/Functions/Engine_MaterialFunctions03/Math/RemapValueRange.uexp" 1502
"../../../Engine/Plugins/Interchange/Assets/Content/Functions/MF_Iridescence.uasset" 1503
"../../../Engine/Plugins/Interchange/Assets/Content/Functions/MF_Iridescence.uexp" 1504
"../../../Engine/Plugins/Interchange/Assets/Content/gltf/Textures/T_White_srgb.uasset" 1505
"../../../Engine/Plugins/Interchange/Assets/Content/gltf/Textures/T_White_srgb.uexp" 1506
"../../../Engine/Plugins/Interchange/Assets/Content/gltf/MaterialFunctions/MF_BaseColor.uasset" 1507
"../../../Engine/Plugins/Interchange/Assets/Content/gltf/MaterialFunctions/MF_BaseColor.uexp" 1508
"../../../Engine/Plugins/Interchange/Assets/Content/gltf/MaterialFunctions/MF_RotateV2.uasset" 1509
"../../../Engine/Plugins/Interchange/Assets/Content/gltf/MaterialFunctions/MF_RotateV2.uexp" 1510
"../../../Engine/Plugins/Interchange/Assets/Content/gltf/MaterialFunctions/MF_TransformUVs.uasset" 1511
"../../../Engine/Plugins/Interchange/Assets/Content/gltf/MaterialFunctions/MF_TransformUVs.uexp" 1512
"../../../Engine/Plugins/Interchange/Assets/Content/gltf/MaterialFunctions/MF_IOR.uasset" 1513
"../../../Engine/Plugins/Interchange/Assets/Content/gltf/MaterialFunctions/MF_IOR.uexp" 1514
"../../../Engine/Plugins/Interchange/Assets/Content/gltf/MaterialFunctions/MF_Iridescence.uasset" 1515
"../../../Engine/Plugins/Interchange/Assets/Content/gltf/MaterialFunctions/MF_Iridescence.uexp" 1516
"../../../Engine/Plugins/Interchange/Assets/Content/gltf/Textures/T_White_Linear.uasset" 1517
"../../../Engine/Plugins/Interchange/Assets/Content/gltf/Textures/T_White_Linear.uexp" 1518
"../../../Engine/Plugins/Interchange/Assets/Content/gltf/MaterialFunctions/MF_MetallicRoughness.uasset" 1519
"../../../Engine/Plugins/Interchange/Assets/Content/gltf/MaterialFunctions/MF_MetallicRoughness.uexp" 1520
"../../../Engine/Plugins/Interchange/Assets/Content/gltf/MaterialFunctions/MF_RotateNormals_TS.uasset" 1521
"../../../Engine/Plugins/Interchange/Assets/Content/gltf/MaterialFunctions/MF_RotateNormals_TS.uexp" 1522
"../../../Engine/Plugins/Interchange/Assets/Content/gltf/MaterialFunctions/MF_ScaleNormal.uasset" 1523
"../../../Engine/Plugins/Interchange/Assets/Content/gltf/MaterialFunctions/MF_ScaleNormal.uexp" 1524
"../../../Engine/Plugins/Interchange/Assets/Content/gltf/Textures/T_Generic_N.uasset" 1525
"../../../Engine/Plugins/Interchange/Assets/Content/gltf/Textures/T_Generic_N.uexp" 1526
"../../../Engine/Plugins/Interchange/Assets/Content/gltf/MaterialFunctions/MF_Normals.uasset" 1527
"../../../Engine/Plugins/Interchange/Assets/Content/gltf/MaterialFunctions/MF_Normals.uexp" 1528
"../../../Engine/Plugins/Interchange/Assets/Content/gltf/MaterialFunctions/MF_Occlusion.uasset" 1529
"../../../Engine/Plugins/Interchange/Assets/Content/gltf/MaterialFunctions/MF_Occlusion.uexp" 1530
"../../../Engine/Plugins/Interchange/Assets/Content/gltf/MaterialFunctions/MF_Specular.uasset" 1531
"../../../Engine/Plugins/Interchange/Assets/Content/gltf/MaterialFunctions/MF_Specular.uexp" 1532
"../../../Engine/Plugins/Interchange/Assets/Content/gltf/Textures/T_Anisotropy_Direction_Linear.uasset" 1533
"../../../Engine/Plugins/Interchange/Assets/Content/gltf/Textures/T_Anisotropy_Direction_Linear.uexp" 1534
"../../../Engine/Plugins/Interchange/Assets/Content/gltf/MaterialFunctions/MF_SpecularAnisotropy.uasset" 1535
"../../../Engine/Plugins/Interchange/Assets/Content/gltf/MaterialFunctions/MF_SpecularAnisotropy.uexp" 1536
"../../../Engine/Plugins/Interchange/Assets/Content/gltf/MaterialFunctions/MF_Emissive.uasset" 1537
"../../../Engine/Plugins/Interchange/Assets/Content/gltf/MaterialFunctions/MF_Emissive.uexp" 1538
"../../../Engine/Content/Functions/Engine_MaterialFunctions01/Texturing/FlattenNormal.uasset" 1539
"../../../Engine/Content/Functions/Engine_MaterialFunctions01/Texturing/FlattenNormal.uexp" 1540
"../../../Engine/Plugins/Interchange/Assets/Content/gltf/MaterialFunctions/MF_Clearcoat.uasset" 1541
"../../../Engine/Plugins/Interchange/Assets/Content/gltf/MaterialFunctions/MF_Clearcoat.uexp" 1542
"../../../Engine/Plugins/Interchange/Assets/Content/gltf/MaterialBodies/MF_ClearCoat_Body.uasset" 1543
"../../../Engine/Plugins/Interchange/Assets/Content/gltf/MaterialBodies/MF_ClearCoat_Body.uexp" 1544
"../../../Engine/Plugins/Interchange/Assets/Content/gltf/M_ClearCoat.uasset" 1545
"../../../Engine/Plugins/Interchange/Assets/Content/gltf/M_ClearCoat.uexp" 1546
"../../../Engine/Plugins/Interchange/Assets/Content/gltf/MaterialInstances/MI_ClearCoat_Blend.uasset" 1547
"../../../Engine/Plugins/Interchange/Assets/Content/gltf/MaterialInstances/MI_ClearCoat_Blend.uexp" 1548
"../../../Engine/Plugins/Interchange/Assets/Content/gltf/MaterialInstances/MI_ClearCoat_Blend_DS.uasset" 1549
"../../../Engine/Plugins/Interchange/Assets/Content/gltf/MaterialInstances/MI_ClearCoat_Blend_DS.uexp" 1550
"../../../Engine/Plugins/Interchange/Assets/Content/gltf/MaterialInstances/MI_ClearCoat_Mask.uasset" 1551
"../../../Engine/Plugins/Interchange/Assets/Content/gltf/MaterialInstances/MI_ClearCoat_Mask.uexp" 1552
"../../../Engine/Plugins/Interchange/Assets/Content/gltf/MaterialInstances/MI_ClearCoat_Mask_DS.uasset" 1553
"../../../Engine/Plugins/Interchange/Assets/Content/gltf/MaterialInstances/MI_ClearCoat_Mask_DS.uexp" 1554
"../../../Engine/Plugins/Interchange/Assets/Content/gltf/MaterialInstances/MI_ClearCoat_Opaque.uasset" 1555
"../../../Engine/Plugins/Interchange/Assets/Content/gltf/MaterialInstances/MI_ClearCoat_Opaque.uexp" 1556
"../../../Engine/Plugins/Interchange/Assets/Content/gltf/MaterialInstances/MI_ClearCoat_Opaque_DS.uasset" 1557
"../../../Engine/Plugins/Interchange/Assets/Content/gltf/MaterialInstances/MI_ClearCoat_Opaque_DS.uexp" 1558
"../../../Engine/Plugins/Interchange/Assets/Content/gltf/MaterialBodies/MF_Default_Body.uasset" 1559
"../../../Engine/Plugins/Interchange/Assets/Content/gltf/MaterialBodies/MF_Default_Body.uexp" 1560
"../../../Engine/Plugins/Interchange/Assets/Content/gltf/M_Default.uasset" 1561
"../../../Engine/Plugins/Interchange/Assets/Content/gltf/M_Default.uexp" 1562
"../../../Engine/Plugins/Interchange/Assets/Content/gltf/MaterialInstances/MI_Default_Blend.uasset" 1563
"../../../Engine/Plugins/Interchange/Assets/Content/gltf/MaterialInstances/MI_Default_Blend.uexp" 1564
"../../../Engine/Plugins/Interchange/Assets/Content/gltf/MaterialInstances/MI_Default_Blend_DS.uasset" 1565
"../../../Engine/Plugins/Interchange/Assets/Content/gltf/MaterialInstances/MI_Default_Blend_DS.uexp" 1566
"../../../Engine/Plugins/Interchange/Assets/Content/gltf/MaterialInstances/MI_Default_Mask.uasset" 1567
"../../../Engine/Plugins/Interchange/Assets/Content/gltf/MaterialInstances/MI_Default_Mask.uexp" 1568
"../../../Engine/Plugins/Interchange/Assets/Content/gltf/MaterialInstances/MI_Default_Mask_DS.uasset" 1569
"../../../Engine/Plugins/Interchange/Assets/Content/gltf/MaterialInstances/MI_Default_Mask_DS.uexp" 1570
"../../../Engine/Plugins/Interchange/Assets/Content/gltf/MaterialInstances/MI_Default_Opaque.uasset" 1571
"../../../Engine/Plugins/Interchange/Assets/Content/gltf/MaterialInstances/MI_Default_Opaque.uexp" 1572
"../../../Engine/Plugins/Interchange/Assets/Content/gltf/MaterialInstances/MI_Default_Opaque_DS.uasset" 1573
"../../../Engine/Plugins/Interchange/Assets/Content/gltf/MaterialInstances/MI_Default_Opaque_DS.uexp" 1574
"../../../Engine/Plugins/Interchange/Assets/Content/gltf/MaterialFunctions/MF_Sheen.uasset" 1575
"../../../Engine/Plugins/Interchange/Assets/Content/gltf/MaterialFunctions/MF_Sheen.uexp" 1576
"../../../Engine/Plugins/Interchange/Assets/Content/gltf/MaterialBodies/MF_Sheen_Body.uasset" 1577
"../../../Engine/Plugins/Interchange/Assets/Content/gltf/MaterialBodies/MF_Sheen_Body.uexp" 1578
"../../../Engine/Plugins/Interchange/Assets/Content/gltf/M_Sheen.uasset" 1579
"../../../Engine/Plugins/Interchange/Assets/Content/gltf/M_Sheen.uexp" 1580
"../../../Engine/Plugins/Interchange/Assets/Content/gltf/MaterialInstances/MI_Sheen_Blend.uasset" 1581
"../../../Engine/Plugins/Interchange/Assets/Content/gltf/MaterialInstances/MI_Sheen_Blend.uexp" 1582
"../../../Engine/Plugins/Interchange/Assets/Content/gltf/MaterialInstances/MI_Sheen_Blend_DS.uasset" 1583
"../../../Engine/Plugins/Interchange/Assets/Content/gltf/MaterialInstances/MI_Sheen_Blend_DS.uexp" 1584
"../../../Engine/Plugins/Interchange/Assets/Content/gltf/MaterialInstances/MI_Sheen_Mask.uasset" 1585
"../../../Engine/Plugins/Interchange/Assets/Content/gltf/MaterialInstances/MI_Sheen_Mask.uexp" 1586
"../../../Engine/Plugins/Interchange/Assets/Content/gltf/MaterialInstances/MI_Sheen_Mask_DS.uasset" 1587
"../../../Engine/Plugins/Interchange/Assets/Content/gltf/MaterialInstances/MI_Sheen_Mask_DS.uexp" 1588
"../../../Engine/Plugins/Interchange/Assets/Content/gltf/MaterialInstances/MI_Sheen_Opaque.uasset" 1589
"../../../Engine/Plugins/Interchange/Assets/Content/gltf/MaterialInstances/MI_Sheen_Opaque.uexp" 1590
"../../../Engine/Plugins/Interchange/Assets/Content/gltf/MaterialInstances/MI_Sheen_Opaque_DS.uasset" 1591
"../../../Engine/Plugins/Interchange/Assets/Content/gltf/MaterialInstances/MI_Sheen_Opaque_DS.uexp" 1592
"../../../Engine/Content/Functions/Engine_MaterialFunctions02/Math/AddComponents.uasset" 1593
"../../../Engine/Content/Functions/Engine_MaterialFunctions02/Math/AddComponents.uexp" 1594
"../../../Engine/Plugins/Interchange/Assets/Content/gltf/MaterialFunctions/MF_DiffuseSpecGloss.uasset" 1595
"../../../Engine/Plugins/Interchange/Assets/Content/gltf/MaterialFunctions/MF_DiffuseSpecGloss.uexp" 1596
"../../../Engine/Plugins/Interchange/Assets/Content/gltf/MaterialFunctions/MF_MaxComponentValue.uasset" 1597
"../../../Engine/Plugins/Interchange/Assets/Content/gltf/MaterialFunctions/MF_MaxComponentValue.uexp" 1598
"../../../Engine/Plugins/Interchange/Assets/Content/gltf/MaterialFunctions/MF_PerceivedBrightness.uasset" 1599
"../../../Engine/Plugins/Interchange/Assets/Content/gltf/MaterialFunctions/MF_PerceivedBrightness.uexp" 1600
"../../../Engine/Plugins/Interchange/Assets/Content/gltf/MaterialFunctions/MF_SpecGlossToMetalRoughness.uasset" 1601
"../../../Engine/Plugins/Interchange/Assets/Content/gltf/MaterialFunctions/MF_SpecGlossToMetalRoughness.uexp" 1602
"../../../Engine/Plugins/Interchange/Assets/Content/gltf/MaterialBodies/MF_SpecularGlossiness_Body.uasset" 1603
"../../../Engine/Plugins/Interchange/Assets/Content/gltf/MaterialBodies/MF_SpecularGlossiness_Body.uexp" 1604
"../../../Engine/Plugins/Interchange/Assets/Content/gltf/M_SpecularGlossiness.uasset" 1605
"../../../Engine/Plugins/Interchange/Assets/Content/gltf/M_SpecularGlossiness.uexp" 1606
"../../../Engine/Plugins/Interchange/Assets/Content/gltf/MaterialInstances/MI_SpecularGlossiness_Blend.uasset" 1607
"../../../Engine/Plugins/Interchange/Assets/Content/gltf/MaterialInstances/MI_SpecularGlossiness_Blend.uexp" 1608
"../../../Engine/Plugins/Interchange/Assets/Content/gltf/MaterialInstances/MI_SpecularGlossiness_Blend_DS.uasset" 1609
"../../../Engine/Plugins/Interchange/Assets/Content/gltf/MaterialInstances/MI_SpecularGlossiness_Blend_DS.uexp" 1610
"../../../Engine/Plugins/Interchange/Assets/Content/gltf/MaterialInstances/MI_SpecularGlossiness_Mask.uasset" 1611
"../../../Engine/Plugins/Interchange/Assets/Content/gltf/MaterialInstances/MI_SpecularGlossiness_Mask.uexp" 1612
"../../../Engine/Plugins/Interchange/Assets/Content/gltf/MaterialInstances/MI_SpecularGlossiness_Mask_DS.uasset" 1613
"../../../Engine/Plugins/Interchange/Assets/Content/gltf/MaterialInstances/MI_SpecularGlossiness_Mask_DS.uexp" 1614
"../../../Engine/Plugins/Interchange/Assets/Content/gltf/MaterialInstances/MI_SpecularGlossiness_Opaque.uasset" 1615
"../../../Engine/Plugins/Interchange/Assets/Content/gltf/MaterialInstances/MI_SpecularGlossiness_Opaque.uexp" 1616
"../../../Engine/Plugins/Interchange/Assets/Content/gltf/MaterialInstances/MI_SpecularGlossiness_Opaque_DS.uasset" 1617
"../../../Engine/Plugins/Interchange/Assets/Content/gltf/MaterialInstances/MI_SpecularGlossiness_Opaque_DS.uexp" 1618
"../../../Engine/Content/EngineMaterials/Good64x64TilingNoiseHighFreq.uasset" 1619
"../../../Engine/Content/EngineMaterials/Good64x64TilingNoiseHighFreq.uexp" 1620
"../../../Engine/Content/Functions/Engine_MaterialFunctions02/Texturing/ScreenAlignedPixelToPixelUVs.uasset" 1621
"../../../Engine/Content/Functions/Engine_MaterialFunctions02/Texturing/ScreenAlignedPixelToPixelUVs.uexp" 1622
"../../../Engine/Plugins/Interchange/Assets/Content/gltf/MaterialFunctions/MF_Fresnel_DS.uasset" 1623
"../../../Engine/Plugins/Interchange/Assets/Content/gltf/MaterialFunctions/MF_Fresnel_DS.uexp" 1624
"../../../Engine/Plugins/Interchange/Assets/Content/gltf/MaterialFunctions/MF_Temporal_Blur.uasset" 1625
"../../../Engine/Plugins/Interchange/Assets/Content/gltf/MaterialFunctions/MF_Temporal_Blur.uexp" 1626
"../../../Engine/Plugins/Interchange/Assets/Content/gltf/MaterialFunctions/MF_Transmission.uasset" 1627
"../../../Engine/Plugins/Interchange/Assets/Content/gltf/MaterialFunctions/MF_Transmission.uexp" 1628
"../../../Engine/Plugins/Interchange/Assets/Content/gltf/MaterialBodies/MF_Transmission_Body.uasset" 1629
"../../../Engine/Plugins/Interchange/Assets/Content/gltf/MaterialBodies/MF_Transmission_Body.uexp" 1630
"../../../Engine/Plugins/Interchange/Assets/Content/gltf/M_Transmission.uasset" 1631
"../../../Engine/Plugins/Interchange/Assets/Content/gltf/M_Transmission.uexp" 1632
"../../../Engine/Plugins/Interchange/Assets/Content/gltf/MaterialInstances/MI_Transmission.uasset" 1633
"../../../Engine/Plugins/Interchange/Assets/Content/gltf/MaterialInstances/MI_Transmission.uexp" 1634
"../../../Engine/Plugins/Interchange/Assets/Content/gltf/MaterialInstances/MI_Transmission_DS.uasset" 1635
"../../../Engine/Plugins/Interchange/Assets/Content/gltf/MaterialInstances/MI_Transmission_DS.uexp" 1636
"../../../Engine/Plugins/Interchange/Assets/Content/gltf/MaterialBodies/MF_Unlit_Body.uasset" 1637
"../../../Engine/Plugins/Interchange/Assets/Content/gltf/MaterialBodies/MF_Unlit_Body.uexp" 1638
"../../../Engine/Plugins/Interchange/Assets/Content/gltf/M_Unlit.uasset" 1639
"../../../Engine/Plugins/Interchange/Assets/Content/gltf/M_Unlit.uexp" 1640
"../../../Engine/Plugins/Interchange/Assets/Content/gltf/MaterialInstances/MI_Unlit_Blend.uasset" 1641
"../../../Engine/Plugins/Interchange/Assets/Content/gltf/MaterialInstances/MI_Unlit_Blend.uexp" 1642
"../../../Engine/Plugins/Interchange/Assets/Content/gltf/MaterialInstances/MI_Unlit_Blend_DS.uasset" 1643
"../../../Engine/Plugins/Interchange/Assets/Content/gltf/MaterialInstances/MI_Unlit_Blend_DS.uexp" 1644
"../../../Engine/Plugins/Interchange/Assets/Content/gltf/MaterialInstances/MI_Unlit_Mask.uasset" 1645
"../../../Engine/Plugins/Interchange/Assets/Content/gltf/MaterialInstances/MI_Unlit_Mask.uexp" 1646
"../../../Engine/Plugins/Interchange/Assets/Content/gltf/MaterialInstances/MI_Unlit_Mask_DS.uasset" 1647
"../../../Engine/Plugins/Interchange/Assets/Content/gltf/MaterialInstances/MI_Unlit_Mask_DS.uexp" 1648
"../../../Engine/Plugins/Interchange/Assets/Content/gltf/MaterialInstances/MI_Unlit_Opaque.uasset" 1649
"../../../Engine/Plugins/Interchange/Assets/Content/gltf/MaterialInstances/MI_Unlit_Opaque.uexp" 1650
"../../../Engine/Plugins/Interchange/Assets/Content/gltf/MaterialInstances/MI_Unlit_Opaque_DS.uasset" 1651
"../../../Engine/Plugins/Interchange/Assets/Content/gltf/MaterialInstances/MI_Unlit_Opaque_DS.uexp" 1652
"../../../Engine/Content/EngineSky/VolumetricClouds/VT_PerlinWorley_Balanced.uasset" 1653
"../../../Engine/Content/EngineSky/VolumetricClouds/VT_PerlinWorley_Balanced.uexp" 1654
"../../../Engine/Content/EngineSky/VolumetricClouds/T_Profile_08.ubulk" 1655
"../../../Engine/Content/EngineSky/VolumetricClouds/T_Profile_08.uasset" 1656
"../../../Engine/Content/EngineSky/VolumetricClouds/T_Profile_08.uexp" 1657
"../../../Engine/Content/EngineSky/VolumetricClouds/T_CloudPattern.ubulk" 1658
"../../../Engine/Content/EngineSky/VolumetricClouds/T_CloudPattern.uasset" 1659
"../../../Engine/Content/EngineSky/VolumetricClouds/T_CloudPattern.uexp" 1660
"../../../Engine/Content/EngineSky/VolumetricClouds/T_CloudMask.ubulk" 1661
"../../../Engine/Content/EngineSky/VolumetricClouds/T_CloudMask.uasset" 1662
"../../../Engine/Content/EngineSky/VolumetricClouds/T_CloudMask.uexp" 1663
"../../../Engine/Content/Functions/Engine_MaterialFunctions02/Utility/BreakOutFloat4Components.uasset" 1664
"../../../Engine/Content/Functions/Engine_MaterialFunctions02/Utility/BreakOutFloat4Components.uexp" 1665
"../../../Engine/Content/Functions/Engine_MaterialFunctions02/Utility/MakeFloat4.uasset" 1666
"../../../Engine/Content/Functions/Engine_MaterialFunctions02/Utility/MakeFloat4.uexp" 1667
"../../../Engine/Content/EngineResources/DefaultVolumeTexture2D.uasset" 1668
"../../../Engine/Content/EngineResources/DefaultVolumeTexture2D.uexp" 1669
"../../../Engine/Content/EngineResources/DefaultVolumeTexture.uasset" 1670
"../../../Engine/Content/EngineResources/DefaultVolumeTexture.uexp" 1671
"../../../Engine/Content/EngineSky/VolumetricClouds/VT_Lightning.uasset" 1672
"../../../Engine/Content/EngineSky/VolumetricClouds/VT_Lightning.uexp" 1673
"../../../Engine/Content/Functions/Engine_MaterialFunctions01/Units/Km-to-Cm.uasset" 1674
"../../../Engine/Content/Functions/Engine_MaterialFunctions01/Units/Km-to-Cm.uexp" 1675
"../../../Engine/Content/EngineSky/VolumetricClouds/m_SimpleVolumetricCloud.uasset" 1676
"../../../Engine/Content/EngineSky/VolumetricClouds/m_SimpleVolumetricCloud.uexp" 1677
"../../../Engine/Content/EngineSky/VolumetricClouds/m_SimpleVolumetricCloud_Inst.uasset" 1678
"../../../Engine/Content/EngineSky/VolumetricClouds/m_SimpleVolumetricCloud_Inst.uexp" 1679
"../../../Engine/Content/EngineMaterials/WeightMapPlaceholderTexture.uasset" 1680
"../../../Engine/Content/EngineMaterials/WeightMapPlaceholderTexture.uexp" 1681
"../../../Engine/Content/EngineMaterials/WeightMapArrayPlaceholderTexture.uasset" 1682
"../../../Engine/Content/EngineMaterials/WeightMapArrayPlaceholderTexture.uexp" 1683
"../../../Engine/Content/EngineResources/WhiteSquareTexture.uasset" 1684
"../../../Engine/Content/EngineResources/WhiteSquareTexture.uexp" 1685
"../../../Engine/Content/EngineMaterials/Widget3DPassThrough.uasset" 1686
"../../../Engine/Content/EngineMaterials/Widget3DPassThrough.uexp" 1687
"../../../Engine/Content/EngineMaterials/Widget3DPassThrough_Masked.uasset" 1688
"../../../Engine/Content/EngineMaterials/Widget3DPassThrough_Masked.uexp" 1689
"../../../Engine/Content/EngineMaterials/Widget3DPassThrough_Opaque.uasset" 1690
"../../../Engine/Content/EngineMaterials/Widget3DPassThrough_Opaque.uexp" 1691
"../../../Engine/Content/EngineMaterials/Widget3DPassThrough_Masked_OneSided.uasset" 1692
"../../../Engine/Content/EngineMaterials/Widget3DPassThrough_Masked_OneSided.uexp" 1693
"../../../Engine/Content/EngineMaterials/Widget3DPassThrough_Opaque_OneSided.uasset" 1694
"../../../Engine/Content/EngineMaterials/Widget3DPassThrough_Opaque_OneSided.uexp" 1695
"../../../Engine/Content/EngineMaterials/Widget3DPassThrough_Translucent.uasset" 1696
"../../../Engine/Content/EngineMaterials/Widget3DPassThrough_Translucent.uexp" 1697
"../../../Engine/Content/EngineMaterials/Widget3DPassThrough_Translucent_OneSided.uasset" 1698
"../../../Engine/Content/EngineMaterials/Widget3DPassThrough_Translucent_OneSided.uexp" 1699
"../../../Engine/Content/EngineResources/LandscapeVisibilityLayerInfo.uasset" 1700
"../../../Engine/Content/EngineResources/LandscapeVisibilityLayerInfo.uexp" 1701
"../../../Engine/Content/EditorLandscapeResources/ColorMaskBrushMaterial.uasset" 1702
"../../../Engine/Content/EditorLandscapeResources/ColorMaskBrushMaterial.uexp" 1703
"../../../Engine/Content/EditorLandscapeResources/ColorMaskBrushMaterial_MaskedRegion.uasset" 1704
"../../../Engine/Content/EditorLandscapeResources/ColorMaskBrushMaterial_MaskedRegion.uexp" 1705
"../../../Engine/Content/Functions/Engine_MaterialFunctions03/Math/WithinRangeFloat2.uasset" 1706
"../../../Engine/Content/Functions/Engine_MaterialFunctions03/Math/WithinRangeFloat2.uexp" 1707
"../../../Engine/Content/EditorLandscapeResources/MaskBrushMaterial.uasset" 1708
"../../../Engine/Content/EditorLandscapeResources/MaskBrushMaterial.uexp" 1709
"../../../Engine/Content/EditorLandscapeResources/MaskBrushMaterial_MaskedRegion.uasset" 1710
"../../../Engine/Content/EditorLandscapeResources/MaskBrushMaterial_MaskedRegion.uexp" 1711
"../../../Engine/Content/EditorLandscapeResources/SelectBrushMaterial.uasset" 1712
"../../../Engine/Content/EditorLandscapeResources/SelectBrushMaterial.uexp" 1713
"../../../Engine/Content/EditorLandscapeResources/SelectBrushMaterial_Selected.uasset" 1714
"../../../Engine/Content/EditorLandscapeResources/SelectBrushMaterial_Selected.uexp" 1715
"../../../Engine/Content/EditorLandscapeResources/SelectBrushMaterial_SelectedRegion.uasset" 1716
"../../../Engine/Content/EditorLandscapeResources/SelectBrushMaterial_SelectedRegion.uexp" 1717
"../../../Engine/Plugins/NNE/NNEDenoiser/Content/NNE_oidn2-3-0_rt_hdr_alb_nrm_small__dyn__fp16_opset11_DenoiseAlpha.uasset" 1718
"../../../Engine/Plugins/NNE/NNEDenoiser/Content/NNE_oidn2-3-0_rt_hdr_alb_nrm_small__dyn__fp16_opset11_DenoiseAlpha.uexp" 1719
"../../../Engine/Plugins/NNE/NNEDenoiser/Content/NNE_oidn2-3-0_rt_hdr_alb_nrm_small__dyn__fp16_opset11_ForwardAlpha.uasset" 1720
"../../../Engine/Plugins/NNE/NNEDenoiser/Content/NNE_oidn2-3-0_rt_hdr_alb_nrm_small__dyn__fp16_opset11_ForwardAlpha.uexp" 1721
"../../../Engine/Plugins/NNE/NNEDenoiser/Content/NNE_oidn2-3-0_rt_hdr_alb_nrm__dyn__fp16_opset11_DenoiseAlpha.uasset" 1722
"../../../Engine/Plugins/NNE/NNEDenoiser/Content/NNE_oidn2-3-0_rt_hdr_alb_nrm__dyn__fp16_opset11_DenoiseAlpha.uexp" 1723
"../../../Engine/Plugins/NNE/NNEDenoiser/Content/NNE_oidn2-3-0_rt_hdr_alb_nrm__dyn__fp16_opset11_ForwardAlpha.uasset" 1724
"../../../Engine/Plugins/NNE/NNEDenoiser/Content/NNE_oidn2-3-0_rt_hdr_alb_nrm__dyn__fp16_opset11_ForwardAlpha.uexp" 1725
"../../../Engine/Plugins/NNE/NNEDenoiser/Content/NNE_oidn2-3-0_rt_hdr_calb_cnrm_large__dyn__fp16_opset11_DenoiseAlpha.uasset" 1726
"../../../Engine/Plugins/NNE/NNEDenoiser/Content/NNE_oidn2-3-0_rt_hdr_calb_cnrm_large__dyn__fp16_opset11_DenoiseAlpha.uexp" 1727
"../../../Engine/Plugins/NNE/NNEDenoiser/Content/NNE_oidn2-3-0_rt_hdr_calb_cnrm_large__dyn__fp16_opset11_ForwardAlpha.uasset" 1728
"../../../Engine/Plugins/NNE/NNEDenoiser/Content/NNE_oidn2-3-0_rt_hdr_calb_cnrm_large__dyn__fp16_opset11_ForwardAlpha.uexp" 1729
"../../../Engine/Plugins/2D/Paper2D/Content/DefaultSpriteMaterial.uasset" 1730
"../../../Engine/Plugins/2D/Paper2D/Content/DefaultSpriteMaterial.uexp" 1731
"../../../Engine/Plugins/2D/Paper2D/Content/MaskedUnlitSpriteMaterial.uasset" 1732
"../../../Engine/Plugins/2D/Paper2D/Content/MaskedUnlitSpriteMaterial.uexp" 1733
"../../../Engine/Plugins/2D/Paper2D/Content/OpaqueUnlitSpriteMaterial.uasset" 1734
"../../../Engine/Plugins/2D/Paper2D/Content/OpaqueUnlitSpriteMaterial.uexp" 1735
"../../../Engine/Plugins/NNE/NNEDenoiser/Content/NNED_Oidn2-3_HighQuality_Alpha.uasset" 1736
"../../../Engine/Plugins/NNE/NNEDenoiser/Content/NNED_Oidn2-3_HighQuality_Alpha.uexp" 1737
"../../../Engine/Plugins/NNE/NNEDenoiser/Content/NNED_Oidn2-3_HighQuality.uasset" 1738
"../../../Engine/Plugins/NNE/NNEDenoiser/Content/NNED_Oidn2-3_HighQuality.uexp" 1739
"../../../Engine/Plugins/NNE/NNEDenoiser/Content/NNED_Oidn2-3_Fast_Alpha.uasset" 1740
"../../../Engine/Plugins/NNE/NNEDenoiser/Content/NNED_Oidn2-3_Fast_Alpha.uexp" 1741
"../../../Engine/Plugins/NNE/NNEDenoiser/Content/NNED_Oidn2-3_Fast.uasset" 1742
"../../../Engine/Plugins/NNE/NNEDenoiser/Content/NNED_Oidn2-3_Fast.uexp" 1743
"../../../Engine/Plugins/NNE/NNEDenoiser/Content/NNED_Oidn2-3_Balanced_Alpha.uasset" 1744
"../../../Engine/Plugins/NNE/NNEDenoiser/Content/NNED_Oidn2-3_Balanced_Alpha.uexp" 1745
"../../../Engine/Plugins/NNE/NNEDenoiser/Content/NNED_Oidn2-3_Balanced.uasset" 1746
"../../../Engine/Plugins/NNE/NNEDenoiser/Content/NNED_Oidn2-3_Balanced.uexp" 1747
"../../../Engine/Plugins/NNE/NNEDenoiser/Content/NNEDT_Oidn2-3_Balanced_Alpha.uasset" 1748
"../../../Engine/Plugins/NNE/NNEDenoiser/Content/NNEDT_Oidn2-3_Balanced_Alpha.uexp" 1749
"../../../Engine/Plugins/NNE/NNEDenoiser/Content/NNEDT_Oidn2-3_Balanced.uasset" 1750
"../../../Engine/Plugins/NNE/NNEDenoiser/Content/NNEDT_Oidn2-3_Balanced.uexp" 1751
"../../../Engine/Plugins/Animation/DeformerGraph/Content/DeformerFunctions/DG_Function_LinearBlendSkin_Morph_Cloth_PositionOnly.uasset" 1752
"../../../Engine/Plugins/Animation/DeformerGraph/Content/DeformerFunctions/DG_Function_LinearBlendSkin_Morph_Cloth_PositionOnly.uexp" 1753
"../../../Engine/Plugins/Animation/DeformerGraph/Content/DeformerFunctions/DG_Function_ComputeNormalsTangents.uasset" 1754
"../../../Engine/Plugins/Animation/DeformerGraph/Content/DeformerFunctions/DG_Function_ComputeNormalsTangents.uexp" 1755
"../../../Engine/Plugins/Animation/DeformerGraph/Content/Deformers/DG_LinearBlendSkin_Morph_Cloth_RecomputeNormals.uasset" 1756
"../../../Engine/Plugins/Animation/DeformerGraph/Content/Deformers/DG_LinearBlendSkin_Morph_Cloth_RecomputeNormals.uexp" 1757
"../../../Engine/Plugins/Animation/DeformerGraph/Content/DeformerFunctions/DG_Function_LinearBlendSkin_Morph_Cloth.uasset" 1758
"../../../Engine/Plugins/Animation/DeformerGraph/Content/DeformerFunctions/DG_Function_LinearBlendSkin_Morph_Cloth.uexp" 1759
"../../../Engine/Plugins/Animation/DeformerGraph/Content/Deformers/DG_LinearBlendSkin_Morph_Cloth.uasset" 1760
"../../../Engine/Plugins/Animation/DeformerGraph/Content/Deformers/DG_LinearBlendSkin_Morph_Cloth.uexp" 1761
"../../../Engine/Content/VREditor/Sounds/UI/Drop_Item_From_ContentBrowser.ubulk" 1762
"../../../Engine/Content/VREditor/Sounds/UI/Drop_Item_From_ContentBrowser.uasset" 1763
"../../../Engine/Content/VREditor/Sounds/UI/Drop_Item_From_ContentBrowser.uexp" 1764
"../../../Engine/Content/VREditor/TransformGizmo/TranslucentTransformGizmoMaterial_Inst.uasset" 1765
"../../../Engine/Content/VREditor/TransformGizmo/TranslucentTransformGizmoMaterial_Inst.uexp" 1766
"../../../Engine/Content/VREditor/TransformGizmo/TransformGizmoMaterial_Inst.uasset" 1767
"../../../Engine/Content/VREditor/TransformGizmo/TransformGizmoMaterial_Inst.uexp" 1768
"../../../Engine/Content/VREditor/Sounds/UI/Gizmo_Handle_Clicked.ubulk" 1769
"../../../Engine/Content/VREditor/Sounds/UI/Gizmo_Handle_Clicked.uasset" 1770
"../../../Engine/Content/VREditor/Sounds/UI/Gizmo_Handle_Clicked.uexp" 1771
"../../../Engine/Content/VREditor/Sounds/UI/Object_PickUp.ubulk" 1772
"../../../Engine/Content/VREditor/Sounds/UI/Object_PickUp.uasset" 1773
"../../../Engine/Content/VREditor/Sounds/UI/Object_PickUp.uexp" 1774
"../../../Engine/Content/VREditor/Sounds/UI/Object_Snaps_To_Another_Actor.ubulk" 1775
"../../../Engine/Content/VREditor/Sounds/UI/Object_Snaps_To_Another_Actor.uasset" 1776
"../../../Engine/Content/VREditor/Sounds/UI/Object_Snaps_To_Another_Actor.uexp" 1777
"../../../Engine/Content/VREditor/Sounds/UI/Object_Snaps_To_Grid.ubulk" 1778
"../../../Engine/Content/VREditor/Sounds/UI/Object_Snaps_To_Grid.uasset" 1779
"../../../Engine/Content/VREditor/Sounds/UI/Object_Snaps_To_Grid.uexp" 1780
"../../../Engine/Content/VREditor/Sounds/UI/Scaling_Down.ubulk" 1781
"../../../Engine/Content/VREditor/Sounds/UI/Scaling_Down.uasset" 1782
"../../../Engine/Content/VREditor/Sounds/UI/Scaling_Down.uexp" 1783
"../../../Engine/Content/VREditor/Sounds/UI/Scaling_Up.ubulk" 1784
"../../../Engine/Content/VREditor/Sounds/UI/Scaling_Up.uasset" 1785
"../../../Engine/Content/VREditor/Sounds/UI/Scaling_Up.uexp" 1786
"../../../Engine/Content/VREditor/Sounds/UI/Selection_Changes.ubulk" 1787
"../../../Engine/Content/VREditor/Sounds/UI/Selection_Changes.uasset" 1788
"../../../Engine/Content/VREditor/Sounds/UI/Selection_Changes.uexp" 1789
"../../../Engine/Content/Functions/Engine_MaterialFunctions02/SplitComponents.uasset" 1790
"../../../Engine/Content/Functions/Engine_MaterialFunctions02/SplitComponents.uexp" 1791
"../../../Engine/Content/VREditor/SnapGrid/SnapGridMaterial.uasset" 1792
"../../../Engine/Content/VREditor/SnapGrid/SnapGridMaterial.uexp" 1793
"../../../Engine/Content/VREditor/SnapGrid/SnapGridPlaneMesh.ubulk" 1794
"../../../Engine/Content/VREditor/SnapGrid/SnapGridPlaneMesh.uasset" 1795
"../../../Engine/Content/VREditor/SnapGrid/SnapGridPlaneMesh.uexp" 1796
"../../../Engine/Content/VREditor/TransformGizmo/PlaneTranslationHandle.ubulk" 1797
"../../../Engine/Content/VREditor/TransformGizmo/PlaneTranslationHandle.uasset" 1798
"../../../Engine/Content/VREditor/TransformGizmo/PlaneTranslationHandle.uexp" 1799
"../../../Engine/Content/VREditor/TransformGizmo/RotationHandleFull.ubulk" 1800
"../../../Engine/Content/VREditor/TransformGizmo/RotationHandleFull.uasset" 1801
"../../../Engine/Content/VREditor/TransformGizmo/RotationHandleFull.uexp" 1802
"../../../Engine/Content/VREditor/TransformGizmo/RotationHandleIndicator.ubulk" 1803
"../../../Engine/Content/VREditor/TransformGizmo/RotationHandleIndicator.uasset" 1804
"../../../Engine/Content/VREditor/TransformGizmo/RotationHandleIndicator.uexp" 1805
"../../../Engine/Content/VREditor/TransformGizmo/RotationHandleQuarter.ubulk" 1806
"../../../Engine/Content/VREditor/TransformGizmo/RotationHandleQuarter.uasset" 1807
"../../../Engine/Content/VREditor/TransformGizmo/RotationHandleQuarter.uexp" 1808
"../../../Engine/Content/VREditor/TransformGizmo/StartRotationHandleIndicator.ubulk" 1809
"../../../Engine/Content/VREditor/TransformGizmo/StartRotationHandleIndicator.uasset" 1810
"../../../Engine/Content/VREditor/TransformGizmo/StartRotationHandleIndicator.uexp" 1811
"../../../Engine/Content/VREditor/TransformGizmo/TransformGizmoFreeRotation.ubulk" 1812
"../../../Engine/Content/VREditor/TransformGizmo/TransformGizmoFreeRotation.uasset" 1813
"../../../Engine/Content/VREditor/TransformGizmo/TransformGizmoFreeRotation.uexp" 1814
"../../../Engine/Content/VREditor/TransformGizmo/TranslateArrowHandle.ubulk" 1815
"../../../Engine/Content/VREditor/TransformGizmo/TranslateArrowHandle.uasset" 1816
"../../../Engine/Content/VREditor/TransformGizmo/TranslateArrowHandle.uexp" 1817
"../../../Engine/Content/VREditor/TransformGizmo/UniformScaleHandle.ubulk" 1818
"../../../Engine/Content/VREditor/TransformGizmo/UniformScaleHandle.uasset" 1819
"../../../Engine/Content/VREditor/TransformGizmo/UniformScaleHandle.uexp" 1820
"C:/Users/moehnj/Downloads/InteractionForGameDesignFinal/ResearchProject/Content/UI/PickUps/WB_ExtraCrownLore.uasset" 1821
"C:/Users/moehnj/Downloads/InteractionForGameDesignFinal/ResearchProject/Content/UI/PickUps/WB_ExtraCrownLore.uexp" 1822
"C:/Users/moehnj/Downloads/InteractionForGameDesignFinal/ResearchProject/Content/UI/PickUps/WB_CyrstaWaterLore.uasset" 1823
"C:/Users/moehnj/Downloads/InteractionForGameDesignFinal/ResearchProject/Content/UI/PickUps/WB_CyrstaWaterLore.uexp" 1824
"C:/Users/moehnj/Downloads/InteractionForGameDesignFinal/ResearchProject/Content/UI/PickUps/WB_CyrstalWallLore.uasset" 1825
"C:/Users/moehnj/Downloads/InteractionForGameDesignFinal/ResearchProject/Content/UI/PickUps/WB_CyrstalWallLore.uexp" 1826
"C:/Users/moehnj/Downloads/InteractionForGameDesignFinal/ResearchProject/Content/UI/PickUps/WB_CyrstalBossLore.uasset" 1827
"C:/Users/moehnj/Downloads/InteractionForGameDesignFinal/ResearchProject/Content/UI/PickUps/WB_CyrstalBossLore.uexp" 1828
"../../../Engine/Content/Maps/Entry_BuiltData.uasset" 1829
"../../../Engine/Content/Maps/Entry_BuiltData.uexp" 1830
"../../../Engine/Content/Maps/Entry.uexp" 1831
"../../../Engine/Content/Maps/Entry.umap" 1832
"C:/Users/moehnj/Downloads/InteractionForGameDesignFinal/ResearchProject/Content/ThirdPerson/Lvl_ThirdPerson.uexp" 1833
"C:/Users/moehnj/Downloads/InteractionForGameDesignFinal/ResearchProject/Content/ThirdPerson/Lvl_ThirdPerson.umap" 1834
"C:/Users/moehnj/Downloads/InteractionForGameDesignFinal/ResearchProject/Content/PostProcess/M_PP_Kuwahara_Base.uasset" 1835
"C:/Users/moehnj/Downloads/InteractionForGameDesignFinal/ResearchProject/Content/PostProcess/M_PP_Kuwahara_Base.uexp" 1836
"C:/Users/moehnj/Downloads/InteractionForGameDesignFinal/ResearchProject/Content/PostProcess/M_PP_Kuwahara_Instance.uasset" 1837
"C:/Users/moehnj/Downloads/InteractionForGameDesignFinal/ResearchProject/Content/PostProcess/M_PP_Kuwahara_Instance.uexp" 1838
"C:/Users/moehnj/Downloads/InteractionForGameDesignFinal/ResearchProject/Content/LevelPrototyping/Materials/M_BlackSpace.uasset" 1839
"C:/Users/moehnj/Downloads/InteractionForGameDesignFinal/ResearchProject/Content/LevelPrototyping/Materials/M_BlackSpace.uexp" 1840
"C:/Users/moehnj/Downloads/InteractionForGameDesignFinal/ResearchProject/Content/LevelPrototyping/Meshes/SM_BlackCube.ubulk" 1841
"C:/Users/moehnj/Downloads/InteractionForGameDesignFinal/ResearchProject/Content/LevelPrototyping/Meshes/SM_BlackCube.uasset" 1842
"C:/Users/moehnj/Downloads/InteractionForGameDesignFinal/ResearchProject/Content/LevelPrototyping/Meshes/SM_BlackCube.uexp" 1843
"C:/Users/moehnj/Downloads/InteractionForGameDesignFinal/ResearchProject/Content/Blueprints/EvnirementalBlueprints/BP_BlackSpace.uasset" 1844
"C:/Users/moehnj/Downloads/InteractionForGameDesignFinal/ResearchProject/Content/Blueprints/EvnirementalBlueprints/BP_BlackSpace.uexp" 1845
"C:/Users/moehnj/Downloads/InteractionForGameDesignFinal/ResearchProject/Content/VRS_LowPolyNature/Meshes/Env/LowPolyEnviernment/Materials/M_BaseMaterialRock.uasset" 1846
"C:/Users/moehnj/Downloads/InteractionForGameDesignFinal/ResearchProject/Content/VRS_LowPolyNature/Meshes/Env/LowPolyEnviernment/Materials/M_BaseMaterialRock.uexp" 1847
"C:/Users/moehnj/Downloads/InteractionForGameDesignFinal/ResearchProject/Content/VRS_LowPolyNature/Meshes/Env/LowPolyEnviernment/Materials/MI_BaseRock.uasset" 1848
"C:/Users/moehnj/Downloads/InteractionForGameDesignFinal/ResearchProject/Content/VRS_LowPolyNature/Meshes/Env/LowPolyEnviernment/Materials/MI_BaseRock.uexp" 1849
"C:/Users/moehnj/Downloads/InteractionForGameDesignFinal/ResearchProject/Content/VRS_LowPolyNature/Meshes/Env/LowPolyEnviernment/SM_CliffE.ubulk" 1850
"C:/Users/moehnj/Downloads/InteractionForGameDesignFinal/ResearchProject/Content/VRS_LowPolyNature/Meshes/Env/LowPolyEnviernment/SM_CliffE.uasset" 1851
"C:/Users/moehnj/Downloads/InteractionForGameDesignFinal/ResearchProject/Content/VRS_LowPolyNature/Meshes/Env/LowPolyEnviernment/SM_CliffE.uexp" 1852
"C:/Users/moehnj/Downloads/InteractionForGameDesignFinal/ResearchProject/Content/Menu/PC_Menu.uasset" 1853
"C:/Users/moehnj/Downloads/InteractionForGameDesignFinal/ResearchProject/Content/Menu/PC_Menu.uexp" 1854
"C:/Users/moehnj/Downloads/InteractionForGameDesignFinal/ResearchProject/Content/UI/TitleImage.uasset" 1855
"C:/Users/moehnj/Downloads/InteractionForGameDesignFinal/ResearchProject/Content/UI/TitleImage.uexp" 1856
"C:/Users/moehnj/Downloads/InteractionForGameDesignFinal/ResearchProject/Content/UI/MenuAssets/MainMenuWBP1.uasset" 1857
"C:/Users/moehnj/Downloads/InteractionForGameDesignFinal/ResearchProject/Content/UI/MenuAssets/MainMenuWBP1.uexp" 1858
"C:/Users/moehnj/Downloads/InteractionForGameDesignFinal/ResearchProject/Content/Menu/BP_MenuPawn.uasset" 1859
"C:/Users/moehnj/Downloads/InteractionForGameDesignFinal/ResearchProject/Content/Menu/BP_MenuPawn.uexp" 1860
"C:/Users/moehnj/Downloads/InteractionForGameDesignFinal/ResearchProject/Content/Menu/GM_Menu.uasset" 1861
"C:/Users/moehnj/Downloads/InteractionForGameDesignFinal/ResearchProject/Content/Menu/GM_Menu.uexp" 1862
"C:/Users/moehnj/Downloads/InteractionForGameDesignFinal/ResearchProject/Content/DungeonAssets/Assets/wall.ubulk" 1863
"C:/Users/moehnj/Downloads/InteractionForGameDesignFinal/ResearchProject/Content/DungeonAssets/Assets/wall.uasset" 1864
"C:/Users/moehnj/Downloads/InteractionForGameDesignFinal/ResearchProject/Content/DungeonAssets/Assets/wall.uexp" 1865
"C:/Users/moehnj/Downloads/InteractionForGameDesignFinal/ResearchProject/Content/effects/torch/flame_0.ubulk" 1866
"C:/Users/moehnj/Downloads/InteractionForGameDesignFinal/ResearchProject/Content/effects/torch/flame_0.uasset" 1867
"C:/Users/moehnj/Downloads/InteractionForGameDesignFinal/ResearchProject/Content/effects/torch/flame_0.uexp" 1868
"C:/Users/moehnj/Downloads/InteractionForGameDesignFinal/ResearchProject/Content/effects/torch/mat_fuego.uasset" 1869
"C:/Users/moehnj/Downloads/InteractionForGameDesignFinal/ResearchProject/Content/effects/torch/mat_fuego.uexp" 1870
"C:/Users/moehnj/Downloads/InteractionForGameDesignFinal/ResearchProject/Content/effects/torch/n_fuego.uasset" 1871
"C:/Users/moehnj/Downloads/InteractionForGameDesignFinal/ResearchProject/Content/effects/torch/n_fuego.uexp" 1872
"C:/Users/moehnj/Downloads/InteractionForGameDesignFinal/ResearchProject/Content/effects/torch/bp_fuego.uasset" 1873
"C:/Users/moehnj/Downloads/InteractionForGameDesignFinal/ResearchProject/Content/effects/torch/bp_fuego.uexp" 1874
"C:/Users/moehnj/Downloads/InteractionForGameDesignFinal/ResearchProject/Content/DungeonAssets/Assets/wall_gated.ubulk" 1875
"C:/Users/moehnj/Downloads/InteractionForGameDesignFinal/ResearchProject/Content/DungeonAssets/Assets/wall_gated.uasset" 1876
"C:/Users/moehnj/Downloads/InteractionForGameDesignFinal/ResearchProject/Content/DungeonAssets/Assets/wall_gated.uexp" 1877
"C:/Users/moehnj/Downloads/InteractionForGameDesignFinal/ResearchProject/Content/DungeonAssets/Assets/wall_arched.ubulk" 1878
"C:/Users/moehnj/Downloads/InteractionForGameDesignFinal/ResearchProject/Content/DungeonAssets/Assets/wall_arched.uasset" 1879
"C:/Users/moehnj/Downloads/InteractionForGameDesignFinal/ResearchProject/Content/DungeonAssets/Assets/wall_arched.uexp" 1880
"C:/Users/moehnj/Downloads/InteractionForGameDesignFinal/ResearchProject/Content/Characters/Player/Animations/RogueHooded_Anim_Sit_Floor_Idle.uasset" 1881
"C:/Users/moehnj/Downloads/InteractionForGameDesignFinal/ResearchProject/Content/Characters/Player/Animations/RogueHooded_Anim_Sit_Floor_Idle.uexp" 1882
"C:/Users/moehnj/Downloads/InteractionForGameDesignFinal/ResearchProject/Content/Blueprints/Characters/ABP_MenuPlayer.uasset" 1883
"C:/Users/moehnj/Downloads/InteractionForGameDesignFinal/ResearchProject/Content/Blueprints/Characters/ABP_MenuPlayer.uexp" 1884
"C:/Users/moehnj/Downloads/InteractionForGameDesignFinal/ResearchProject/Content/Blueprints/Characters/BP_MenuPlayer.uasset" 1885
"C:/Users/moehnj/Downloads/InteractionForGameDesignFinal/ResearchProject/Content/Blueprints/Characters/BP_MenuPlayer.uexp" 1886
"C:/Users/moehnj/Downloads/InteractionForGameDesignFinal/ResearchProject/Content/DungeonAssets/Assets/torch_mounted.ubulk" 1887
"C:/Users/moehnj/Downloads/InteractionForGameDesignFinal/ResearchProject/Content/DungeonAssets/Assets/torch_mounted.uasset" 1888
"C:/Users/moehnj/Downloads/InteractionForGameDesignFinal/ResearchProject/Content/DungeonAssets/Assets/torch_mounted.uexp" 1889
"C:/Users/moehnj/Downloads/InteractionForGameDesignFinal/ResearchProject/Content/Blueprints/Light/Materials/Flicker.uasset" 1890
"C:/Users/moehnj/Downloads/InteractionForGameDesignFinal/ResearchProject/Content/Blueprints/Light/Materials/Flicker.uexp" 1891
"C:/Users/moehnj/Downloads/InteractionForGameDesignFinal/ResearchProject/Content/Blueprints/Light/BP_Torch.uasset" 1892
"C:/Users/moehnj/Downloads/InteractionForGameDesignFinal/ResearchProject/Content/Blueprints/Light/BP_Torch.uexp" 1893
"C:/Users/moehnj/Downloads/InteractionForGameDesignFinal/ResearchProject/Content/Blueprints/Light/BP_Torch_Menu.uasset" 1894
"C:/Users/moehnj/Downloads/InteractionForGameDesignFinal/ResearchProject/Content/Blueprints/Light/BP_Torch_Menu.uexp" 1895
"C:/Users/moehnj/Downloads/InteractionForGameDesignFinal/ResearchProject/Content/SoundEffects/Music/Menu.ubulk" 1896
"C:/Users/moehnj/Downloads/InteractionForGameDesignFinal/ResearchProject/Content/SoundEffects/Music/Menu.uasset" 1897
"C:/Users/moehnj/Downloads/InteractionForGameDesignFinal/ResearchProject/Content/SoundEffects/Music/Menu.uexp" 1898
"C:/Users/moehnj/Downloads/InteractionForGameDesignFinal/ResearchProject/Content/Blueprints/Light/BP_Main_Crystal_Placeholder.uasset" 1899
"C:/Users/moehnj/Downloads/InteractionForGameDesignFinal/ResearchProject/Content/Blueprints/Light/BP_Main_Crystal_Placeholder.uexp" 1900
"C:/Users/moehnj/Downloads/InteractionForGameDesignFinal/ResearchProject/Content/Menu/Level_Menu.uexp" 1901
"C:/Users/moehnj/Downloads/InteractionForGameDesignFinal/ResearchProject/Content/Menu/Level_Menu.umap" 1902
"C:/Users/moehnj/Downloads/InteractionForGameDesignFinal/ResearchProject/Content/ThirdPerson/Sub_Level/Sub1.uexp" 1903
"C:/Users/moehnj/Downloads/InteractionForGameDesignFinal/ResearchProject/Content/ThirdPerson/Sub_Level/Sub1.umap" 1904
"../../../Engine/Content/BasicShapes/Plane.ubulk" 1905
"../../../Engine/Content/BasicShapes/Plane.uasset" 1906
"../../../Engine/Content/BasicShapes/Plane.uexp" 1907
"C:/Users/moehnj/Downloads/InteractionForGameDesignFinal/ResearchProject/Content/VRS_LowPolyNature/Meshes/Env/LowPolyEnviernment/SM_CliffC.ubulk" 1908
"C:/Users/moehnj/Downloads/InteractionForGameDesignFinal/ResearchProject/Content/VRS_LowPolyNature/Meshes/Env/LowPolyEnviernment/SM_CliffC.uasset" 1909
"C:/Users/moehnj/Downloads/InteractionForGameDesignFinal/ResearchProject/Content/VRS_LowPolyNature/Meshes/Env/LowPolyEnviernment/SM_CliffC.uexp" 1910
"C:/Users/moehnj/Downloads/InteractionForGameDesignFinal/ResearchProject/Content/VRS_LowPolyNature/Meshes/Env/LowPolyEnviernment/SM_CliffA.ubulk" 1911
"C:/Users/moehnj/Downloads/InteractionForGameDesignFinal/ResearchProject/Content/VRS_LowPolyNature/Meshes/Env/LowPolyEnviernment/SM_CliffA.uasset" 1912
"C:/Users/moehnj/Downloads/InteractionForGameDesignFinal/ResearchProject/Content/VRS_LowPolyNature/Meshes/Env/LowPolyEnviernment/SM_CliffA.uexp" 1913
"C:/Users/moehnj/Downloads/InteractionForGameDesignFinal/ResearchProject/Content/VRS_LowPolyNature/Meshes/Env/LowPolyEnviernment/SM_CliffD1.ubulk" 1914
"C:/Users/moehnj/Downloads/InteractionForGameDesignFinal/ResearchProject/Content/VRS_LowPolyNature/Meshes/Env/LowPolyEnviernment/SM_CliffD1.uasset" 1915
"C:/Users/moehnj/Downloads/InteractionForGameDesignFinal/ResearchProject/Content/VRS_LowPolyNature/Meshes/Env/LowPolyEnviernment/SM_CliffD1.uexp" 1916
"C:/Users/moehnj/Downloads/InteractionForGameDesignFinal/ResearchProject/Content/Blueprints/Light/Materials/Noise.uasset" 1917
"C:/Users/moehnj/Downloads/InteractionForGameDesignFinal/ResearchProject/Content/Blueprints/Light/Materials/Noise.uexp" 1918
"C:/Users/moehnj/Downloads/InteractionForGameDesignFinal/ResearchProject/Content/Blueprints/Light/Materials/GOBO_MAT.uasset" 1919
"C:/Users/moehnj/Downloads/InteractionForGameDesignFinal/ResearchProject/Content/Blueprints/Light/Materials/GOBO_MAT.uexp" 1920
"C:/Users/moehnj/Downloads/InteractionForGameDesignFinal/ResearchProject/Content/ThirdPerson/Sub_Level/Cave_BG.uexp" 1921
"C:/Users/moehnj/Downloads/InteractionForGameDesignFinal/ResearchProject/Content/ThirdPerson/Sub_Level/Cave_BG.umap" 1922
